sentinel-s2-l2a,tiles/24/X/WQ/2020/7/28/0/productInfo.json,1035,2020-07-28T23:27:41.000Z,2020-07-28
sentinel-s2-l2a,tiles/24/X/WQ/2020/7/28/1/productInfo.json,1035,2020-07-28T23:43:09.000Z,2020-07-28
sentinel-s2-l2a,tiles/24/X/WQ/2020/7/28/2/productInfo.json,1035,2020-07-29T01:42:42.000Z,2020-07-28
sentinel-s2-l2a,tiles/24/X/WQ/2020/7/28/3/productInfo.json,1035,2020-07-29T02:42:34.000Z,2020-07-28
sentinel-s2-l2a,tiles/24/X/WQ/2020/7/28/4/productInfo.json,1035,2020-07-29T04:25:35.000Z,2020-07-28
sentinel-s2-l2a,tiles/24/X/WQ/2020/7/28/5/productInfo.json,1035,2020-07-29T05:56:30.000Z,2020-07-28
sentinel-s2-l2a,tiles/24/X/WQ/2020/7/28/6/productInfo.json,1035,2020-07-29T06:14:57.000Z,2020-07-28
sentinel-s2-l2a,tiles/24/X/WR/2020/7/28/0/productInfo.json,1035,2020-07-28T23:29:39.000Z,2020-07-28
sentinel-s2-l2a,tiles/24/X/WR/2020/7/28/1/productInfo.json,1035,2020-07-28T23:47:12.000Z,2020-07-28
sentinel-s2-l2a,tiles/24/X/WR/2020/7/28/2/productInfo.json,1035,2020-07-29T01:40:54.000Z,2020-07-28
sentinel-s2-l2a,tiles/24/X/WR/2020/7/28/3/productInfo.json,1035,2020-07-29T02:43:19.000Z,2020-07-28
sentinel-s2-l2a,tiles/24/X/WR/2020/7/28/4/productInfo.json,1035,2020-07-29T04:36:44.000Z,2020-07-28
sentinel-s2-l2a,tiles/24/X/WR/2020/7/28/5/productInfo.json,1035,2020-07-29T06:00:22.000Z,2020-07-28
sentinel-s2-l2a,tiles/24/X/WR/2020/7/28/6/productInfo.json,1035,2020-07-29T06:12:16.000Z,2020-07-28
sentinel-s2-l2a,tiles/24/X/WS/2020/7/28/0/productInfo.json,1035,2020-07-28T23:44:49.000Z,2020-07-28
sentinel-s2-l2a,tiles/24/X/WS/2020/7/28/1/productInfo.json,1035,2020-07-29T01:41:19.000Z,2020-07-28
sentinel-s2-l2a,tiles/24/X/WS/2020/7/28/2/productInfo.json,1035,2020-07-29T03:41:30.000Z,2020-07-28
sentinel-s2-l2a,tiles/24/X/WS/2020/7/28/3/productInfo.json,1035,2020-07-29T04:25:32.000Z,2020-07-28
sentinel-s2-l2a,tiles/24/X/WS/2020/7/28/4/productInfo.json,1035,2020-07-29T06:13:25.000Z,2020-07-28
sentinel-s2-l2a,tiles/24/X/WT/2020/7/28/0/productInfo.json,1035,2020-07-29T06:10:07.000Z,2020-07-28
sentinel-s2-l2a,tiles/24/X/XF/2020/7/28/0/productInfo.json,1035,2020-07-28T22:37:31.000Z,2020-07-28
sentinel-s2-l2a,tiles/25/E/DT/2020/7/28/0/productInfo.json,1035,2020-07-28T17:50:38.000Z,2020-07-28
sentinel-s2-l2a,tiles/25/E/ET/2020/7/28/0/productInfo.json,1035,2020-07-28T17:53:44.000Z,2020-07-28
sentinel-s2-l2a,tiles/25/F/CA/2020/7/28/0/productInfo.json,1035,2020-07-28T17:50:34.000Z,2020-07-28
sentinel-s2-l2a,tiles/25/F/CU/2020/7/28/0/productInfo.json,1035,2020-07-28T17:46:25.000Z,2020-07-28
sentinel-s2-l2a,tiles/25/F/CV/2020/7/28/0/productInfo.json,1035,2020-07-28T17:45:27.000Z,2020-07-28
sentinel-s2-l2a,tiles/25/F/DU/2020/7/28/0/productInfo.json,1035,2020-07-28T17:44:56.000Z,2020-07-28
sentinel-s2-l2a,tiles/25/F/DV/2020/7/28/0/productInfo.json,1035,2020-07-28T17:51:34.000Z,2020-07-28
sentinel-s2-l2a,tiles/25/F/EU/2020/7/28/0/productInfo.json,1035,2020-07-28T17:46:33.000Z,2020-07-28
sentinel-s2-l2a,tiles/25/F/EV/2020/7/28/0/productInfo.json,1035,2020-07-28T17:47:20.000Z,2020-07-28
sentinel-s2-l2a,tiles/25/S/BC/2020/7/28/0/productInfo.json,1035,2020-07-28T20:40:02.000Z,2020-07-28
sentinel-s2-l2a,tiles/25/S/CB/2020/7/28/0/productInfo.json,1035,2020-07-28T20:28:05.000Z,2020-07-28
sentinel-s2-l2a,tiles/25/S/CC/2020/7/28/0/productInfo.json,1035,2020-07-28T20:36:55.000Z,2020-07-28
sentinel-s2-l2a,tiles/25/S/CD/2020/7/28/0/productInfo.json,1035,2020-07-28T20:42:35.000Z,2020-07-28
sentinel-s2-l2a,tiles/25/S/DB/2020/7/28/0/productInfo.json,1035,2020-07-28T20:35:47.000Z,2020-07-28
sentinel-s2-l2a,tiles/25/S/DC/2020/7/28/0/productInfo.json,1035,2020-07-28T20:45:02.000Z,2020-07-28
sentinel-s2-l2a,tiles/25/S/DD/2020/7/28/0/productInfo.json,1035,2020-07-28T20:44:31.000Z,2020-07-28
sentinel-s2-l2a,tiles/25/S/EB/2020/7/28/0/productInfo.json,1035,2020-07-28T20:41:19.000Z,2020-07-28
sentinel-s2-l2a,tiles/25/S/EC/2020/7/28/0/productInfo.json,1035,2020-07-28T20:43:13.000Z,2020-07-28
sentinel-s2-l2a,tiles/25/S/ED/2020/7/28/0/productInfo.json,1035,2020-07-28T20:38:26.000Z,2020-07-28
sentinel-s2-l2a,tiles/25/S/FC/2020/7/28/0/productInfo.json,1035,2020-07-28T20:40:14.000Z,2020-07-28
sentinel-s2-l2a,tiles/25/S/FD/2020/7/28/0/productInfo.json,1035,2020-07-28T20:36:57.000Z,2020-07-28
sentinel-s2-l2a,tiles/25/T/CE/2020/7/28/0/productInfo.json,1035,2020-07-28T20:41:28.000Z,2020-07-28
sentinel-s2-l2a,tiles/25/T/CF/2020/7/28/0/productInfo.json,1035,2020-07-28T20:41:01.000Z,2020-07-28
sentinel-s2-l2a,tiles/25/T/CG/2020/7/28/0/productInfo.json,1035,2020-07-28T20:40:05.000Z,2020-07-28
sentinel-s2-l2a,tiles/25/T/DE/2020/7/28/0/productInfo.json,1035,2020-07-28T20:42:53.000Z,2020-07-28
sentinel-s2-l2a,tiles/25/T/DF/2020/7/28/0/productInfo.json,1035,2020-07-28T20:45:01.000Z,2020-07-28
sentinel-s2-l2a,tiles/25/T/DG/2020/7/28/0/productInfo.json,1035,2020-07-28T20:28:08.000Z,2020-07-28
sentinel-s2-l2a,tiles/25/T/EE/2020/7/28/0/productInfo.json,1035,2020-07-28T20:36:27.000Z,2020-07-28
sentinel-s2-l2a,tiles/25/T/EF/2020/7/28/0/productInfo.json,1035,2020-07-28T20:43:19.000Z,2020-07-28
sentinel-s2-l2a,tiles/25/T/EG/2020/7/28/0/productInfo.json,1035,2020-07-28T20:28:16.000Z,2020-07-28
sentinel-s2-l2a,tiles/25/T/FE/2020/7/28/0/productInfo.json,1035,2020-07-28T20:44:37.000Z,2020-07-28
sentinel-s2-l2a,tiles/25/T/FF/2020/7/28/0/productInfo.json,1035,2020-07-28T20:42:37.000Z,2020-07-28
sentinel-s2-l2a,tiles/25/W/DN/2020/7/28/0/productInfo.json,1035,2020-07-28T23:10:00.000Z,2020-07-28
sentinel-s2-l2a,tiles/25/W/DP/2020/7/28/0/productInfo.json,1035,2020-07-28T23:09:24.000Z,2020-07-28
sentinel-s2-l2a,tiles/25/W/DQ/2020/7/28/0/productInfo.json,1035,2020-07-28T23:10:36.000Z,2020-07-28
sentinel-s2-l2a,tiles/25/W/DR/2020/7/28/0/productInfo.json,1035,2020-07-28T23:11:19.000Z,2020-07-28
sentinel-s2-l2a,tiles/25/W/DS/2020/7/28/0/productInfo.json,1035,2020-07-28T22:41:24.000Z,2020-07-28
sentinel-s2-l2a,tiles/25/W/DT/2020/7/28/0/productInfo.json,1035,2020-07-28T22:38:23.000Z,2020-07-28
sentinel-s2-l2a,tiles/25/W/DU/2020/7/28/0/productInfo.json,1035,2020-07-28T22:37:58.000Z,2020-07-28
sentinel-s2-l2a,tiles/25/W/DV/2020/7/28/0/productInfo.json,1035,2020-07-28T22:39:42.000Z,2020-07-28
sentinel-s2-l2a,tiles/25/W/EM/2020/7/28/0/productInfo.json,1035,2020-07-28T23:10:34.000Z,2020-07-28
sentinel-s2-l2a,tiles/25/W/EN/2020/7/28/0/productInfo.json,1035,2020-07-28T23:08:47.000Z,2020-07-28
sentinel-s2-l2a,tiles/25/W/EP/2020/7/28/0/productInfo.json,1035,2020-07-28T23:07:46.000Z,2020-07-28
sentinel-s2-l2a,tiles/25/W/EQ/2020/7/28/0/productInfo.json,1035,2020-07-28T23:08:23.000Z,2020-07-28
sentinel-s2-l2a,tiles/14/R/MT/2020/7/28/0/productInfo.json,1035,2020-07-29T04:07:54.000Z,2020-07-28
sentinel-s2-l2a,tiles/14/R/MU/2020/7/28/0/productInfo.json,1035,2020-07-29T04:06:21.000Z,2020-07-28
sentinel-s2-l2a,tiles/14/R/MV/2020/7/28/0/productInfo.json,1035,2020-07-29T04:10:37.000Z,2020-07-28
sentinel-s2-l2a,tiles/14/R/NN/2020/7/28/0/productInfo.json,1035,2020-07-29T03:54:56.000Z,2020-07-28
sentinel-s2-l2a,tiles/14/R/NP/2020/7/28/0/productInfo.json,1035,2020-07-29T04:16:37.000Z,2020-07-28
sentinel-s2-l2a,tiles/14/R/NQ/2020/7/28/0/productInfo.json,1035,2020-07-29T03:51:15.000Z,2020-07-28
sentinel-s2-l2a,tiles/14/R/NR/2020/7/28/0/productInfo.json,1035,2020-07-29T04:11:11.000Z,2020-07-28
sentinel-s2-l2a,tiles/14/R/NS/2020/7/28/0/productInfo.json,1035,2020-07-29T04:07:08.000Z,2020-07-28
sentinel-s2-l2a,tiles/14/R/NT/2020/7/28/0/productInfo.json,1035,2020-07-29T04:09:56.000Z,2020-07-28
sentinel-s2-l2a,tiles/14/R/NU/2020/7/28/0/productInfo.json,1035,2020-07-29T03:52:39.000Z,2020-07-28
sentinel-s2-l2a,tiles/14/R/NV/2020/7/28/0/productInfo.json,1035,2020-07-29T04:11:50.000Z,2020-07-28
sentinel-s2-l2a,tiles/14/R/PR/2020/7/28/0/productInfo.json,1035,2020-07-29T04:13:10.000Z,2020-07-28
sentinel-s2-l2a,tiles/14/R/PS/2020/7/28/0/productInfo.json,1035,2020-07-29T04:15:05.000Z,2020-07-28
sentinel-s2-l2a,tiles/14/R/PT/2020/7/28/0/productInfo.json,1035,2020-07-29T03:54:48.000Z,2020-07-28
sentinel-s2-l2a,tiles/14/R/PU/2020/7/28/0/productInfo.json,1035,2020-07-29T04:14:01.000Z,2020-07-28
sentinel-s2-l2a,tiles/14/R/PV/2020/7/28/0/productInfo.json,1035,2020-07-29T04:12:13.000Z,2020-07-28
sentinel-s2-l2a,tiles/14/R/QV/2020/7/28/0/productInfo.json,1035,2020-07-29T03:57:55.000Z,2020-07-28
sentinel-s2-l2a,tiles/14/S/MA/2020/7/28/0/productInfo.json,1035,2020-07-29T04:13:38.000Z,2020-07-28
sentinel-s2-l2a,tiles/14/S/MB/2020/7/28/0/productInfo.json,1035,2020-07-29T04:14:52.000Z,2020-07-28
sentinel-s2-l2a,tiles/14/S/MC/2020/7/28/0/productInfo.json,1035,2020-07-29T04:12:42.000Z,2020-07-28
sentinel-s2-l2a,tiles/14/S/MD/2020/7/28/0/productInfo.json,1035,2020-07-29T04:15:23.000Z,2020-07-28
sentinel-s2-l2a,tiles/14/S/ME/2020/7/28/0/productInfo.json,1035,2020-07-29T04:14:41.000Z,2020-07-28
sentinel-s2-l2a,tiles/14/S/NA/2020/7/28/0/productInfo.json,1035,2020-07-29T04:08:27.000Z,2020-07-28
sentinel-s2-l2a,tiles/14/S/NB/2020/7/28/0/productInfo.json,1035,2020-07-29T04:09:01.000Z,2020-07-28
sentinel-s2-l2a,tiles/14/S/NC/2020/7/28/0/productInfo.json,1035,2020-07-29T04:14:32.000Z,2020-07-28
sentinel-s2-l2a,tiles/14/S/ND/2020/7/28/0/productInfo.json,1035,2020-07-29T04:12:43.000Z,2020-07-28
sentinel-s2-l2a,tiles/14/S/NE/2020/7/28/0/productInfo.json,1035,2020-07-29T04:16:17.000Z,2020-07-28
sentinel-s2-l2a,tiles/14/S/NF/2020/7/28/0/productInfo.json,1035,2020-07-29T03:50:53.000Z,2020-07-28
sentinel-s2-l2a,tiles/14/S/NG/2020/7/28/0/productInfo.json,1035,2020-07-29T04:04:36.000Z,2020-07-28
sentinel-s2-l2a,tiles/14/S/NH/2020/7/28/0/productInfo.json,1035,2020-07-29T04:04:51.000Z,2020-07-28
sentinel-s2-l2a,tiles/14/S/NJ/2020/7/28/0/productInfo.json,1035,2020-07-29T04:15:35.000Z,2020-07-28
sentinel-s2-l2a,tiles/14/S/PA/2020/7/28/0/productInfo.json,1035,2020-07-29T04:15:17.000Z,2020-07-28
sentinel-s2-l2a,tiles/14/S/PB/2020/7/28/0/productInfo.json,1035,2020-07-29T03:54:36.000Z,2020-07-28
sentinel-s2-l2a,tiles/14/S/PC/2020/7/28/0/productInfo.json,1035,2020-07-29T04:04:15.000Z,2020-07-28
sentinel-s2-l2a,tiles/14/S/PD/2020/7/28/0/productInfo.json,1035,2020-07-29T03:53:04.000Z,2020-07-28
sentinel-s2-l2a,tiles/14/S/PE/2020/7/28/0/productInfo.json,1035,2020-07-29T04:16:27.000Z,2020-07-28
sentinel-s2-l2a,tiles/14/S/PF/2020/7/28/0/productInfo.json,1035,2020-07-29T04:14:40.000Z,2020-07-28
sentinel-s2-l2a,tiles/14/S/PG/2020/7/28/0/productInfo.json,1035,2020-07-29T04:15:50.000Z,2020-07-28
sentinel-s2-l2a,tiles/14/S/PH/2020/7/28/0/productInfo.json,1035,2020-07-29T04:13:45.000Z,2020-07-28
sentinel-s2-l2a,tiles/14/S/PJ/2020/7/28/0/productInfo.json,1035,2020-07-29T04:01:25.000Z,2020-07-28
sentinel-s2-l2a,tiles/14/S/QA/2020/7/28/0/productInfo.json,1035,2020-07-29T04:05:00.000Z,2020-07-28
sentinel-s2-l2a,tiles/14/S/QB/2020/7/28/0/productInfo.json,1035,2020-07-29T03:53:24.000Z,2020-07-28
sentinel-s2-l2a,tiles/14/S/QC/2020/7/28/0/productInfo.json,1035,2020-07-29T03:53:13.000Z,2020-07-28
sentinel-s2-l2a,tiles/14/S/QD/2020/7/28/0/productInfo.json,1035,2020-07-29T04:02:32.000Z,2020-07-28
sentinel-s2-l2a,tiles/14/S/QE/2020/7/28/0/productInfo.json,1035,2020-07-29T04:03:47.000Z,2020-07-28
sentinel-s2-l2a,tiles/14/S/QF/2020/7/28/0/productInfo.json,1035,2020-07-29T04:01:35.000Z,2020-07-28
sentinel-s2-l2a,tiles/14/S/QG/2020/7/28/0/productInfo.json,1035,2020-07-29T04:09:59.000Z,2020-07-28
sentinel-s2-l2a,tiles/14/S/QH/2020/7/28/0/productInfo.json,1035,2020-07-29T04:07:24.000Z,2020-07-28
sentinel-s2-l2a,tiles/14/S/QJ/2020/7/28/0/productInfo.json,1035,2020-07-29T03:59:13.000Z,2020-07-28
sentinel-s2-l2a,tiles/41/X/MH/2020/7/28/0/productInfo.json,1035,2020-07-28T14:30:49.000Z,2020-07-28
sentinel-s2-l2a,tiles/41/X/MH/2020/7/28/1/productInfo.json,1035,2020-07-28T17:50:18.000Z,2020-07-28
sentinel-s2-l2a,tiles/41/X/MH/2020/7/28/2/productInfo.json,1035,2020-07-28T19:47:13.000Z,2020-07-28
sentinel-s2-l2a,tiles/41/X/MJ/2020/7/28/0/productInfo.json,1035,2020-07-28T16:27:34.000Z,2020-07-28
sentinel-s2-l2a,tiles/41/X/MJ/2020/7/28/1/productInfo.json,1035,2020-07-28T17:53:29.000Z,2020-07-28
sentinel-s2-l2a,tiles/41/X/MJ/2020/7/28/2/productInfo.json,1035,2020-07-28T19:45:44.000Z,2020-07-28
sentinel-s2-l2a,tiles/41/X/MJ/2020/7/28/3/productInfo.json,1035,2020-07-28T21:05:39.000Z,2020-07-28
sentinel-s2-l2a,tiles/41/X/MK/2020/7/28/0/productInfo.json,1035,2020-07-28T16:34:24.000Z,2020-07-28
sentinel-s2-l2a,tiles/41/X/MK/2020/7/28/1/productInfo.json,1035,2020-07-28T17:49:46.000Z,2020-07-28
sentinel-s2-l2a,tiles/41/X/MK/2020/7/28/2/productInfo.json,1035,2020-07-28T19:27:19.000Z,2020-07-28
sentinel-s2-l2a,tiles/41/X/MK/2020/7/28/3/productInfo.json,1035,2020-07-28T21:21:16.000Z,2020-07-28
sentinel-s2-l2a,tiles/41/X/ML/2020/7/28/0/productInfo.json,1035,2020-07-28T16:34:23.000Z,2020-07-28
sentinel-s2-l2a,tiles/41/X/ML/2020/7/28/1/productInfo.json,1035,2020-07-28T19:32:28.000Z,2020-07-28
sentinel-s2-l2a,tiles/41/X/ML/2020/7/28/2/productInfo.json,1035,2020-07-28T21:22:16.000Z,2020-07-28
sentinel-s2-l2a,tiles/41/X/NA/2020/7/28/0/productInfo.json,1035,2020-07-28T16:30:58.000Z,2020-07-28
sentinel-s2-l2a,tiles/41/X/NB/2020/7/28/0/productInfo.json,1035,2020-07-28T16:29:26.000Z,2020-07-28
sentinel-s2-l2a,tiles/41/X/NC/2020/7/28/0/productInfo.json,1035,2020-07-28T16:35:27.000Z,2020-07-28
sentinel-s2-l2a,tiles/41/X/NC/2020/7/28/1/productInfo.json,1035,2020-07-28T23:06:28.000Z,2020-07-28
sentinel-s2-l2a,tiles/41/X/ND/2020/7/28/0/productInfo.json,1035,2020-07-28T16:34:11.000Z,2020-07-28
sentinel-s2-l2a,tiles/41/X/ND/2020/7/28/1/productInfo.json,1035,2020-07-28T23:16:59.000Z,2020-07-28
sentinel-s2-l2a,tiles/41/X/NE/2020/7/28/0/productInfo.json,1035,2020-07-28T23:15:35.000Z,2020-07-28
sentinel-s2-l2a,tiles/41/X/NF/2020/7/28/0/productInfo.json,1035,2020-07-28T14:29:52.000Z,2020-07-28
sentinel-s2-l2a,tiles/41/X/NF/2020/7/28/1/productInfo.json,1035,2020-07-28T17:49:33.000Z,2020-07-28
sentinel-s2-l2a,tiles/41/X/NF/2020/7/28/2/productInfo.json,1035,2020-07-28T23:16:02.000Z,2020-07-28
sentinel-s2-l2a,tiles/41/X/NG/2020/7/28/0/productInfo.json,1035,2020-07-28T14:30:00.000Z,2020-07-28
sentinel-s2-l2a,tiles/41/X/NG/2020/7/28/1/productInfo.json,1035,2020-07-28T16:28:22.000Z,2020-07-28
sentinel-s2-l2a,tiles/41/X/NG/2020/7/28/2/productInfo.json,1035,2020-07-28T17:54:11.000Z,2020-07-28
sentinel-s2-l2a,tiles/41/X/NG/2020/7/28/3/productInfo.json,1035,2020-07-28T23:17:23.000Z,2020-07-28
sentinel-s2-l2a,tiles/41/X/NH/2020/7/28/0/productInfo.json,1035,2020-07-28T16:27:18.000Z,2020-07-28
sentinel-s2-l2a,tiles/41/X/NH/2020/7/28/1/productInfo.json,1035,2020-07-28T17:49:40.000Z,2020-07-28
sentinel-s2-l2a,tiles/41/X/NH/2020/7/28/2/productInfo.json,1035,2020-07-28T19:47:20.000Z,2020-07-28
sentinel-s2-l2a,tiles/41/X/NH/2020/7/28/3/productInfo.json,1035,2020-07-28T23:06:23.000Z,2020-07-28
sentinel-s2-l2a,tiles/41/X/NJ/2020/7/28/0/productInfo.json,1035,2020-07-28T16:29:17.000Z,2020-07-28
sentinel-s2-l2a,tiles/41/X/NJ/2020/7/28/1/productInfo.json,1035,2020-07-28T16:54:31.000Z,2020-07-28
sentinel-s2-l2a,tiles/41/X/NJ/2020/7/28/2/productInfo.json,1035,2020-07-28T17:56:18.000Z,2020-07-28
sentinel-s2-l2a,tiles/41/X/NJ/2020/7/28/3/productInfo.json,1035,2020-07-28T19:49:08.000Z,2020-07-28
sentinel-s2-l2a,tiles/41/X/NJ/2020/7/28/4/productInfo.json,1035,2020-07-28T21:05:57.000Z,2020-07-28
sentinel-s2-l2a,tiles/41/X/NK/2020/7/28/0/productInfo.json,1035,2020-07-28T16:31:15.000Z,2020-07-28
sentinel-s2-l2a,tiles/41/X/NK/2020/7/28/1/productInfo.json,1035,2020-07-28T17:57:47.000Z,2020-07-28
sentinel-s2-l2a,tiles/41/X/NK/2020/7/28/2/productInfo.json,1035,2020-07-28T19:26:11.000Z,2020-07-28
sentinel-s2-l2a,tiles/41/X/NK/2020/7/28/3/productInfo.json,1035,2020-07-28T21:05:34.000Z,2020-07-28
sentinel-s2-l2a,tiles/41/X/NL/2020/7/28/0/productInfo.json,1035,2020-07-28T16:28:33.000Z,2020-07-28
sentinel-s2-l2a,tiles/41/X/NL/2020/7/28/1/productInfo.json,1035,2020-07-28T17:50:02.000Z,2020-07-28
sentinel-s2-l2a,tiles/41/X/NL/2020/7/28/2/productInfo.json,1035,2020-07-28T19:45:19.000Z,2020-07-28
sentinel-s2-l2a,tiles/41/X/NL/2020/7/28/3/productInfo.json,1035,2020-07-28T21:02:17.000Z,2020-07-28
sentinel-s2-l2a,tiles/41/X/NM/2020/7/28/0/productInfo.json,1035,2020-07-28T16:25:00.000Z,2020-07-28
sentinel-s2-l2a,tiles/41/X/NM/2020/7/28/1/productInfo.json,1035,2020-07-28T19:48:05.000Z,2020-07-28
sentinel-s2-l2a,tiles/41/X/NM/2020/7/28/2/productInfo.json,1035,2020-07-28T21:01:39.000Z,2020-07-28
sentinel-s2-l2a,tiles/41/X/PA/2020/7/28/0/productInfo.json,1035,2020-07-28T16:31:58.000Z,2020-07-28
sentinel-s2-l2a,tiles/48/L/VN/2020/7/28/0/productInfo.json,1035,2020-07-28T09:54:48.000Z,2020-07-28
sentinel-s2-l2a,tiles/48/L/VP/2020/7/28/0/productInfo.json,1035,2020-07-28T09:57:03.000Z,2020-07-28
sentinel-s2-l2a,tiles/48/L/WN/2020/7/28/0/productInfo.json,1035,2020-07-28T09:54:42.000Z,2020-07-28
sentinel-s2-l2a,tiles/48/L/WP/2020/7/28/0/productInfo.json,1035,2020-07-28T09:56:33.000Z,2020-07-28
sentinel-s2-l2a,tiles/48/L/XN/2020/7/28/0/productInfo.json,1035,2020-07-28T09:55:28.000Z,2020-07-28
sentinel-s2-l2a,tiles/48/L/XP/2020/7/28/0/productInfo.json,1035,2020-07-28T09:55:54.000Z,2020-07-28
sentinel-s2-l2a,tiles/48/L/YN/2020/7/28/0/productInfo.json,1035,2020-07-28T09:54:48.000Z,2020-07-28
sentinel-s2-l2a,tiles/48/L/YP/2020/7/28/0/productInfo.json,1035,2020-07-28T09:54:37.000Z,2020-07-28
sentinel-s2-l2a,tiles/48/L/YR/2020/7/28/0/productInfo.json,1035,2020-07-28T09:57:44.000Z,2020-07-28
sentinel-s2-l2a,tiles/48/M/VS/2020/7/28/0/productInfo.json,1035,2020-07-28T09:57:34.000Z,2020-07-28
sentinel-s2-l2a,tiles/48/M/WA/2020/7/28/0/productInfo.json,1035,2020-07-28T09:54:02.000Z,2020-07-28
sentinel-s2-l2a,tiles/48/M/WB/2020/7/28/0/productInfo.json,1035,2020-07-28T09:54:39.000Z,2020-07-28
sentinel-s2-l2a,tiles/48/M/WS/2020/7/28/0/productInfo.json,1035,2020-07-28T09:56:50.000Z,2020-07-28
sentinel-s2-l2a,tiles/48/M/WT/2020/7/28/0/productInfo.json,1035,2020-07-28T09:56:11.000Z,2020-07-28
sentinel-s2-l2a,tiles/48/M/WU/2020/7/28/0/productInfo.json,1035,2020-07-28T09:56:14.000Z,2020-07-28
sentinel-s2-l2a,tiles/48/M/WV/2020/7/28/0/productInfo.json,1035,2020-07-28T09:54:29.000Z,2020-07-28
sentinel-s2-l2a,tiles/48/M/WV/2020/7/28/1/productInfo.json,1035,2020-07-28T09:57:30.000Z,2020-07-28
sentinel-s2-l2a,tiles/48/M/XA/2020/7/28/0/productInfo.json,1035,2020-07-28T10:01:54.000Z,2020-07-28
sentinel-s2-l2a,tiles/48/M/XB/2020/7/28/0/productInfo.json,1035,2020-07-28T10:01:22.000Z,2020-07-28
sentinel-s2-l2a,tiles/48/M/XC/2020/7/28/0/productInfo.json,1035,2020-07-28T10:02:05.000Z,2020-07-28
sentinel-s2-l2a,tiles/48/M/XD/2020/7/28/0/productInfo.json,1035,2020-07-28T09:54:18.000Z,2020-07-28
sentinel-s2-l2a,tiles/48/M/XE/2020/7/28/0/productInfo.json,1035,2020-07-28T09:51:25.000Z,2020-07-28
sentinel-s2-l2a,tiles/48/M/XS/2020/7/28/0/productInfo.json,1035,2020-07-28T09:55:28.000Z,2020-07-28
sentinel-s2-l2a,tiles/48/M/XT/2020/7/28/0/productInfo.json,1035,2020-07-28T09:54:11.000Z,2020-07-28
sentinel-s2-l2a,tiles/48/M/XU/2020/7/28/0/productInfo.json,1035,2020-07-28T09:56:34.000Z,2020-07-28
sentinel-s2-l2a,tiles/48/M/XV/2020/7/28/0/productInfo.json,1035,2020-07-28T09:59:39.000Z,2020-07-28
sentinel-s2-l2a,tiles/48/M/XV/2020/7/28/1/productInfo.json,1035,2020-07-28T10:02:24.000Z,2020-07-28
sentinel-s2-l2a,tiles/48/M/YA/2020/7/28/0/productInfo.json,1035,2020-07-28T09:54:06.000Z,2020-07-28
sentinel-s2-l2a,tiles/48/M/YB/2020/7/28/0/productInfo.json,1035,2020-07-28T10:00:52.000Z,2020-07-28
sentinel-s2-l2a,tiles/48/M/YC/2020/7/28/0/productInfo.json,1035,2020-07-28T09:57:55.000Z,2020-07-28
sentinel-s2-l2a,tiles/48/M/YD/2020/7/28/0/productInfo.json,1035,2020-07-28T09:57:26.000Z,2020-07-28
sentinel-s2-l2a,tiles/48/M/YE/2020/7/28/0/productInfo.json,1035,2020-07-28T09:56:23.000Z,2020-07-28
sentinel-s2-l2a,tiles/48/M/YS/2020/7/28/0/productInfo.json,1035,2020-07-28T09:56:33.000Z,2020-07-28
sentinel-s2-l2a,tiles/48/M/YT/2020/7/28/0/productInfo.json,1035,2020-07-28T09:57:27.000Z,2020-07-28
sentinel-s2-l2a,tiles/48/M/YU/2020/7/28/0/productInfo.json,1035,2020-07-28T09:57:16.000Z,2020-07-28
sentinel-s2-l2a,tiles/48/M/YV/2020/7/28/0/productInfo.json,1035,2020-07-28T09:55:29.000Z,2020-07-28
sentinel-s2-l2a,tiles/48/M/YV/2020/7/28/1/productInfo.json,1035,2020-07-28T09:58:12.000Z,2020-07-28
sentinel-s2-l2a,tiles/48/M/ZA/2020/7/28/0/productInfo.json,1035,2020-07-28T09:55:58.000Z,2020-07-28
sentinel-s2-l2a,tiles/48/M/ZB/2020/7/28/0/productInfo.json,1035,2020-07-28T09:54:40.000Z,2020-07-28
sentinel-s2-l2a,tiles/48/M/ZC/2020/7/28/0/productInfo.json,1035,2020-07-28T09:53:29.000Z,2020-07-28
sentinel-s2-l2a,tiles/48/M/ZD/2020/7/28/0/productInfo.json,1035,2020-07-28T09:52:50.000Z,2020-07-28
sentinel-s2-l2a,tiles/48/M/ZE/2020/7/28/0/productInfo.json,1035,2020-07-28T09:55:09.000Z,2020-07-28
sentinel-s2-l2a,tiles/48/M/ZS/2020/7/28/0/productInfo.json,1035,2020-07-28T09:59:10.000Z,2020-07-28
sentinel-s2-l2a,tiles/48/M/ZT/2020/7/28/0/productInfo.json,1035,2020-07-28T09:51:54.000Z,2020-07-28
sentinel-s2-l2a,tiles/48/M/ZU/2020/7/28/0/productInfo.json,1035,2020-07-28T09:55:28.000Z,2020-07-28
sentinel-s2-l2a,tiles/48/M/ZU/2020/7/28/1/productInfo.json,1035,2020-07-28T09:59:33.000Z,2020-07-28
sentinel-s2-l2a,tiles/48/M/ZV/2020/7/28/0/productInfo.json,1035,2020-07-28T09:52:23.000Z,2020-07-28
sentinel-s2-l2a,tiles/48/M/ZV/2020/7/28/1/productInfo.json,1035,2020-07-28T09:58:49.000Z,2020-07-28
sentinel-s2-l2a,tiles/35/M/RM/2020/7/28/0/productInfo.json,1035,2020-07-28T19:02:16.000Z,2020-07-28
sentinel-s2-l2a,tiles/35/M/RN/2020/7/28/0/productInfo.json,1035,2020-07-28T18:47:50.000Z,2020-07-28
sentinel-s2-l2a,tiles/35/M/RP/2020/7/28/0/productInfo.json,1035,2020-07-28T19:07:36.000Z,2020-07-28
sentinel-s2-l2a,tiles/35/M/RQ/2020/7/28/0/productInfo.json,1035,2020-07-28T18:58:35.000Z,2020-07-28
sentinel-s2-l2a,tiles/35/M/RR/2020/7/28/0/productInfo.json,1035,2020-07-28T19:02:31.000Z,2020-07-28
sentinel-s2-l2a,tiles/35/M/RS/2020/7/28/0/productInfo.json,1035,2020-07-28T14:39:31.000Z,2020-07-28
sentinel-s2-l2a,tiles/35/M/RS/2020/7/28/1/productInfo.json,1035,2020-07-28T19:02:42.000Z,2020-07-28
sentinel-s2-l2a,tiles/35/M/RT/2020/7/28/0/productInfo.json,1035,2020-07-28T14:42:13.000Z,2020-07-28
sentinel-s2-l2a,tiles/35/P/KQ/2020/7/28/0/productInfo.json,1035,2020-07-28T20:12:04.000Z,2020-07-28
sentinel-s2-l2a,tiles/35/P/KR/2020/7/28/0/productInfo.json,1035,2020-07-28T20:16:42.000Z,2020-07-28
sentinel-s2-l2a,tiles/35/P/KS/2020/7/28/0/productInfo.json,1035,2020-07-28T20:24:30.000Z,2020-07-28
sentinel-s2-l2a,tiles/35/P/KT/2020/7/28/0/productInfo.json,1035,2020-07-28T20:15:12.000Z,2020-07-28
sentinel-s2-l2a,tiles/36/V/VR/2020/7/28/0/productInfo.json,1035,2020-07-28T17:55:05.000Z,2020-07-28
sentinel-s2-l2a,tiles/36/V/WH/2020/7/28/0/productInfo.json,1035,2020-07-28T22:41:44.000Z,2020-07-28
sentinel-s2-l2a,tiles/36/V/WR/2020/7/28/0/productInfo.json,1035,2020-07-28T17:51:53.000Z,2020-07-28
sentinel-s2-l2a,tiles/36/V/XH/2020/7/28/0/productInfo.json,1035,2020-07-28T22:47:26.000Z,2020-07-28
sentinel-s2-l2a,tiles/36/V/XJ/2020/7/28/0/productInfo.json,1035,2020-07-28T22:46:51.000Z,2020-07-28
sentinel-s2-l2a,tiles/36/V/XK/2020/7/28/0/productInfo.json,1035,2020-07-28T22:48:10.000Z,2020-07-28
sentinel-s2-l2a,tiles/36/V/XL/2020/7/28/0/productInfo.json,1035,2020-07-28T22:48:47.000Z,2020-07-28
sentinel-s2-l2a,tiles/36/V/XM/2020/7/28/0/productInfo.json,1035,2020-07-28T22:48:50.000Z,2020-07-28
sentinel-s2-l2a,tiles/36/W/VA/2020/7/28/0/productInfo.json,1035,2020-07-28T17:55:44.000Z,2020-07-28
sentinel-s2-l2a,tiles/36/W/VB/2020/7/28/0/productInfo.json,1035,2020-07-28T17:48:38.000Z,2020-07-28
sentinel-s2-l2a,tiles/36/W/VC/2020/7/28/0/productInfo.json,1035,2020-07-28T17:52:16.000Z,2020-07-28
sentinel-s2-l2a,tiles/36/W/VD/2020/7/28/0/productInfo.json,1035,2020-07-28T17:48:09.000Z,2020-07-28
sentinel-s2-l2a,tiles/36/W/VD/2020/7/28/1/productInfo.json,1035,2020-07-28T18:52:50.000Z,2020-07-28
sentinel-s2-l2a,tiles/36/W/VS/2020/7/28/0/productInfo.json,1035,2020-07-28T17:52:38.000Z,2020-07-28
sentinel-s2-l2a,tiles/36/W/VT/2020/7/28/0/productInfo.json,1035,2020-07-28T17:47:45.000Z,2020-07-28
sentinel-s2-l2a,tiles/36/W/VU/2020/7/28/0/productInfo.json,1035,2020-07-28T17:48:14.000Z,2020-07-28
sentinel-s2-l2a,tiles/36/W/VV/2020/7/28/0/productInfo.json,1035,2020-07-28T17:52:15.000Z,2020-07-28
sentinel-s2-l2a,tiles/36/W/WA/2020/7/28/0/productInfo.json,1035,2020-07-28T17:55:59.000Z,2020-07-28
sentinel-s2-l2a,tiles/36/W/WB/2020/7/28/0/productInfo.json,1035,2020-07-28T17:48:04.000Z,2020-07-28
sentinel-s2-l2a,tiles/36/W/WC/2020/7/28/0/productInfo.json,1035,2020-07-28T17:53:12.000Z,2020-07-28
sentinel-s2-l2a,tiles/36/W/WD/2020/7/28/0/productInfo.json,1035,2020-07-28T17:53:42.000Z,2020-07-28
sentinel-s2-l2a,tiles/36/W/WE/2020/7/28/0/productInfo.json,1035,2020-07-28T17:47:34.000Z,2020-07-28
sentinel-s2-l2a,tiles/36/W/WS/2020/7/28/0/productInfo.json,1035,2020-07-28T17:45:10.000Z,2020-07-28
sentinel-s2-l2a,tiles/36/W/WT/2020/7/28/0/productInfo.json,1035,2020-07-28T17:52:32.000Z,2020-07-28
sentinel-s2-l2a,tiles/36/W/WU/2020/7/28/0/productInfo.json,1035,2020-07-28T17:51:40.000Z,2020-07-28
sentinel-s2-l2a,tiles/36/W/WV/2020/7/28/0/productInfo.json,1035,2020-07-28T17:45:45.000Z,2020-07-28
sentinel-s2-l2a,tiles/36/W/XA/2020/7/28/0/productInfo.json,1035,2020-07-28T17:47:08.000Z,2020-07-28
sentinel-s2-l2a,tiles/36/W/XB/2020/7/28/0/productInfo.json,1035,2020-07-28T17:54:54.000Z,2020-07-28
sentinel-s2-l2a,tiles/36/W/XC/2020/7/28/0/productInfo.json,1035,2020-07-28T17:51:54.000Z,2020-07-28
sentinel-s2-l2a,tiles/36/W/XD/2020/7/28/0/productInfo.json,1035,2020-07-28T17:46:11.000Z,2020-07-28
sentinel-s2-l2a,tiles/36/W/XU/2020/7/28/0/productInfo.json,1035,2020-07-28T17:47:06.000Z,2020-07-28
sentinel-s2-l2a,tiles/36/W/XV/2020/7/28/0/productInfo.json,1035,2020-07-28T17:47:34.000Z,2020-07-28
sentinel-s2-l2a,tiles/41/V/ME/2020/7/28/0/productInfo.json,1035,2020-07-28T18:19:57.000Z,2020-07-28
sentinel-s2-l2a,tiles/41/V/MF/2020/7/28/0/productInfo.json,1035,2020-07-28T18:40:13.000Z,2020-07-28
sentinel-s2-l2a,tiles/41/V/MG/2020/7/28/0/productInfo.json,1035,2020-07-28T18:22:20.000Z,2020-07-28
sentinel-s2-l2a,tiles/41/V/MH/2020/7/28/0/productInfo.json,1035,2020-07-28T18:29:17.000Z,2020-07-28
sentinel-s2-l2a,tiles/41/V/MJ/2020/7/28/0/productInfo.json,1035,2020-07-28T18:26:27.000Z,2020-07-28
sentinel-s2-l2a,tiles/41/V/NC/2020/7/28/0/productInfo.json,1035,2020-07-28T18:26:50.000Z,2020-07-28
sentinel-s2-l2a,tiles/41/V/ND/2020/7/28/0/productInfo.json,1035,2020-07-28T18:22:18.000Z,2020-07-28
sentinel-s2-l2a,tiles/41/V/NE/2020/7/28/0/productInfo.json,1035,2020-07-28T18:25:40.000Z,2020-07-28
sentinel-s2-l2a,tiles/41/V/NF/2020/7/28/0/productInfo.json,1035,2020-07-28T18:24:25.000Z,2020-07-28
sentinel-s2-l2a,tiles/41/V/NG/2020/7/28/0/productInfo.json,1035,2020-07-28T18:28:49.000Z,2020-07-28
sentinel-s2-l2a,tiles/41/V/NH/2020/7/28/0/productInfo.json,1035,2020-07-28T18:24:21.000Z,2020-07-28
sentinel-s2-l2a,tiles/41/V/NJ/2020/7/28/0/productInfo.json,1035,2020-07-28T18:34:10.000Z,2020-07-28
sentinel-s2-l2a,tiles/41/V/NK/2020/7/28/0/productInfo.json,1035,2020-07-28T18:23:09.000Z,2020-07-28
sentinel-s2-l2a,tiles/41/V/NL/2020/7/28/0/productInfo.json,1035,2020-07-28T18:19:48.000Z,2020-07-28
sentinel-s2-l2a,tiles/41/V/PC/2020/7/28/0/productInfo.json,1035,2020-07-28T18:20:04.000Z,2020-07-28
sentinel-s2-l2a,tiles/41/V/PD/2020/7/28/0/productInfo.json,1035,2020-07-28T18:26:39.000Z,2020-07-28
sentinel-s2-l2a,tiles/41/V/PE/2020/7/28/0/productInfo.json,1035,2020-07-28T18:24:23.000Z,2020-07-28
sentinel-s2-l2a,tiles/41/V/PF/2020/7/28/0/productInfo.json,1035,2020-07-28T18:27:39.000Z,2020-07-28
sentinel-s2-l2a,tiles/41/V/PG/2020/7/28/0/productInfo.json,1035,2020-07-28T18:19:57.000Z,2020-07-28
sentinel-s2-l2a,tiles/41/V/PH/2020/7/28/0/productInfo.json,1035,2020-07-28T18:22:13.000Z,2020-07-28
sentinel-s2-l2a,tiles/41/V/PJ/2020/7/28/0/productInfo.json,1035,2020-07-28T18:29:26.000Z,2020-07-28
sentinel-s2-l2a,tiles/41/V/PK/2020/7/28/0/productInfo.json,1035,2020-07-28T18:30:42.000Z,2020-07-28
sentinel-s2-l2a,tiles/41/V/PL/2020/7/28/0/productInfo.json,1035,2020-07-28T18:23:45.000Z,2020-07-28
sentinel-s2-l2a,tiles/41/W/MP/2020/7/28/0/productInfo.json,1035,2020-07-28T16:35:58.000Z,2020-07-28
sentinel-s2-l2a,tiles/41/W/MQ/2020/7/28/0/productInfo.json,1035,2020-07-28T16:35:23.000Z,2020-07-28
sentinel-s2-l2a,tiles/41/W/MR/2020/7/28/0/productInfo.json,1035,2020-07-28T16:35:44.000Z,2020-07-28
sentinel-s2-l2a,tiles/41/W/MS/2020/7/28/0/productInfo.json,1035,2020-07-28T16:36:44.000Z,2020-07-28
sentinel-s2-l2a,tiles/41/W/MT/2020/7/28/0/productInfo.json,1035,2020-07-28T16:36:17.000Z,2020-07-28
sentinel-s2-l2a,tiles/41/W/MU/2020/7/28/0/productInfo.json,1035,2020-07-28T16:31:24.000Z,2020-07-28
sentinel-s2-l2a,tiles/41/W/MV/2020/7/28/0/productInfo.json,1035,2020-07-28T16:34:20.000Z,2020-07-28
sentinel-s2-l2a,tiles/41/W/NM/2020/7/28/0/productInfo.json,1035,2020-07-28T18:27:45.000Z,2020-07-28
sentinel-s2-l2a,tiles/41/W/NN/2020/7/28/0/productInfo.json,1035,2020-07-28T18:20:39.000Z,2020-07-28
sentinel-s2-l2a,tiles/41/W/NR/2020/7/28/0/productInfo.json,1035,2020-07-28T16:36:16.000Z,2020-07-28
sentinel-s2-l2a,tiles/41/W/NS/2020/7/28/0/productInfo.json,1035,2020-07-28T16:40:18.000Z,2020-07-28
sentinel-s2-l2a,tiles/41/W/NT/2020/7/28/0/productInfo.json,1035,2020-07-28T16:29:52.000Z,2020-07-28
sentinel-s2-l2a,tiles/41/W/NU/2020/7/28/0/productInfo.json,1035,2020-07-28T16:29:00.000Z,2020-07-28
sentinel-s2-l2a,tiles/41/W/NV/2020/7/28/0/productInfo.json,1035,2020-07-28T16:32:49.000Z,2020-07-28
sentinel-s2-l2a,tiles/41/W/PM/2020/7/28/0/productInfo.json,1035,2020-07-28T18:31:42.000Z,2020-07-28
sentinel-s2-l2a,tiles/41/W/PM/2020/7/28/1/productInfo.json,1035,2020-07-28T19:34:32.000Z,2020-07-28
sentinel-s2-l2a,tiles/41/W/PN/2020/7/28/0/productInfo.json,1035,2020-07-28T18:25:59.000Z,2020-07-28
sentinel-s2-l2a,tiles/41/W/PN/2020/7/28/1/productInfo.json,1035,2020-07-28T19:16:58.000Z,2020-07-28
sentinel-s2-l2a,tiles/41/W/PP/2020/7/28/0/productInfo.json,1035,2020-07-28T19:33:45.000Z,2020-07-28
sentinel-s2-l2a,tiles/41/W/PQ/2020/7/28/0/productInfo.json,1035,2020-07-28T19:09:36.000Z,2020-07-28
sentinel-s2-l2a,tiles/41/W/PR/2020/7/28/0/productInfo.json,1035,2020-07-28T19:34:08.000Z,2020-07-28
sentinel-s2-l2a,tiles/41/W/PT/2020/7/28/0/productInfo.json,1035,2020-07-28T16:36:29.000Z,2020-07-28
sentinel-s2-l2a,tiles/41/W/PU/2020/7/28/0/productInfo.json,1035,2020-07-28T16:35:53.000Z,2020-07-28
sentinel-s2-l2a,tiles/41/W/PV/2020/7/28/0/productInfo.json,1035,2020-07-28T16:30:27.000Z,2020-07-28
sentinel-s2-l2a,tiles/41/X/MA/2020/7/28/0/productInfo.json,1035,2020-07-28T16:33:36.000Z,2020-07-28
sentinel-s2-l2a,tiles/41/X/MB/2020/7/28/0/productInfo.json,1035,2020-07-28T16:34:56.000Z,2020-07-28
sentinel-s2-l2a,tiles/41/X/MB/2020/7/28/1/productInfo.json,1035,2020-07-28T23:06:46.000Z,2020-07-28
sentinel-s2-l2a,tiles/41/X/MC/2020/7/28/0/productInfo.json,1035,2020-07-28T23:08:37.000Z,2020-07-28
sentinel-s2-l2a,tiles/41/X/MD/2020/7/28/0/productInfo.json,1035,2020-07-28T23:08:36.000Z,2020-07-28
sentinel-s2-l2a,tiles/41/X/ME/2020/7/28/0/productInfo.json,1035,2020-07-28T14:29:42.000Z,2020-07-28
sentinel-s2-l2a,tiles/41/X/ME/2020/7/28/1/productInfo.json,1035,2020-07-28T23:07:30.000Z,2020-07-28
sentinel-s2-l2a,tiles/41/X/MF/2020/7/28/0/productInfo.json,1035,2020-07-28T14:32:00.000Z,2020-07-28
sentinel-s2-l2a,tiles/41/X/MF/2020/7/28/1/productInfo.json,1035,2020-07-28T23:16:36.000Z,2020-07-28
sentinel-s2-l2a,tiles/41/X/MG/2020/7/28/0/productInfo.json,1035,2020-07-28T14:32:28.000Z,2020-07-28
sentinel-s2-l2a,tiles/41/X/MG/2020/7/28/1/productInfo.json,1035,2020-07-28T16:27:34.000Z,2020-07-28
sentinel-s2-l2a,tiles/41/X/MG/2020/7/28/2/productInfo.json,1035,2020-07-28T17:52:02.000Z,2020-07-28
sentinel-s2-l2a,tiles/41/X/MG/2020/7/28/3/productInfo.json,1035,2020-07-28T23:06:49.000Z,2020-07-28
sentinel-s2-l2a,tiles/18/X/WQ/2020/7/28/0/productInfo.json,1035,2020-07-29T01:38:11.000Z,2020-07-28
sentinel-s2-l2a,tiles/18/X/WQ/2020/7/28/1/productInfo.json,1035,2020-07-29T04:20:20.000Z,2020-07-28
sentinel-s2-l2a,tiles/18/X/WQ/2020/7/28/2/productInfo.json,1035,2020-07-29T05:54:13.000Z,2020-07-28
sentinel-s2-l2a,tiles/18/X/WQ/2020/7/28/3/productInfo.json,1035,2020-07-29T05:58:13.000Z,2020-07-28
sentinel-s2-l2a,tiles/18/X/WR/2020/7/28/0/productInfo.json,1035,2020-07-29T01:33:14.000Z,2020-07-28
sentinel-s2-l2a,tiles/18/X/WR/2020/7/28/1/productInfo.json,1035,2020-07-29T04:26:13.000Z,2020-07-28
sentinel-s2-l2a,tiles/18/X/WR/2020/7/28/2/productInfo.json,1035,2020-07-29T05:55:47.000Z,2020-07-28
sentinel-s2-l2a,tiles/18/X/WR/2020/7/28/3/productInfo.json,1035,2020-07-29T06:07:37.000Z,2020-07-28
sentinel-s2-l2a,tiles/18/X/WS/2020/7/28/0/productInfo.json,1035,2020-07-29T01:39:00.000Z,2020-07-28
sentinel-s2-l2a,tiles/18/X/WS/2020/7/28/1/productInfo.json,1035,2020-07-29T04:30:42.000Z,2020-07-28
sentinel-s2-l2a,tiles/18/X/WS/2020/7/28/2/productInfo.json,1035,2020-07-29T06:08:35.000Z,2020-07-28
sentinel-s2-l2a,tiles/18/X/XF/2020/7/28/0/productInfo.json,1035,2020-07-29T03:26:37.000Z,2020-07-28
sentinel-s2-l2a,tiles/43/W/EQ/2020/7/28/0/productInfo.json,1035,2020-07-28T19:27:16.000Z,2020-07-28
sentinel-s2-l2a,tiles/43/W/ER/2020/7/28/0/productInfo.json,1035,2020-07-28T19:31:50.000Z,2020-07-28
sentinel-s2-l2a,tiles/43/W/ES/2020/7/28/0/productInfo.json,1035,2020-07-28T19:29:44.000Z,2020-07-28
sentinel-s2-l2a,tiles/43/W/ET/2020/7/28/0/productInfo.json,1035,2020-07-28T19:09:38.000Z,2020-07-28
sentinel-s2-l2a,tiles/43/W/EU/2020/7/28/0/productInfo.json,1035,2020-07-28T19:10:52.000Z,2020-07-28
sentinel-s2-l2a,tiles/43/W/EV/2020/7/28/0/productInfo.json,1035,2020-07-28T19:37:49.000Z,2020-07-28
sentinel-s2-l2a,tiles/43/W/FM/2020/7/28/0/productInfo.json,1035,2020-07-28T12:02:53.000Z,2020-07-28
sentinel-s2-l2a,tiles/43/W/FN/2020/7/28/0/productInfo.json,1035,2020-07-28T12:02:45.000Z,2020-07-28
sentinel-s2-l2a,tiles/43/W/FP/2020/7/28/0/productInfo.json,1035,2020-07-28T12:02:15.000Z,2020-07-28
sentinel-s2-l2a,tiles/43/W/FQ/2020/7/28/0/productInfo.json,1035,2020-07-28T11:55:14.000Z,2020-07-28
sentinel-s2-l2a,tiles/43/W/FS/2020/7/28/0/productInfo.json,1035,2020-07-28T19:31:50.000Z,2020-07-28
sentinel-s2-l2a,tiles/43/W/FT/2020/7/28/0/productInfo.json,1035,2020-07-28T19:13:15.000Z,2020-07-28
sentinel-s2-l2a,tiles/43/W/FU/2020/7/28/0/productInfo.json,1035,2020-07-28T19:15:22.000Z,2020-07-28
sentinel-s2-l2a,tiles/43/W/FV/2020/7/28/0/productInfo.json,1035,2020-07-28T19:18:14.000Z,2020-07-28
sentinel-s2-l2a,tiles/43/X/DA/2020/7/28/0/productInfo.json,1035,2020-07-28T16:27:45.000Z,2020-07-28
sentinel-s2-l2a,tiles/43/X/DA/2020/7/28/1/productInfo.json,1035,2020-07-28T19:35:13.000Z,2020-07-28
sentinel-s2-l2a,tiles/43/X/DB/2020/7/28/0/productInfo.json,1035,2020-07-28T16:33:42.000Z,2020-07-28
sentinel-s2-l2a,tiles/43/X/DB/2020/7/28/1/productInfo.json,1035,2020-07-28T19:32:16.000Z,2020-07-28
sentinel-s2-l2a,tiles/43/X/DC/2020/7/28/0/productInfo.json,1035,2020-07-28T16:32:09.000Z,2020-07-28
sentinel-s2-l2a,tiles/43/X/DD/2020/7/28/0/productInfo.json,1035,2020-07-28T16:35:36.000Z,2020-07-28
sentinel-s2-l2a,tiles/43/X/DE/2020/7/28/0/productInfo.json,1035,2020-07-28T16:33:18.000Z,2020-07-28
sentinel-s2-l2a,tiles/43/X/DE/2020/7/28/1/productInfo.json,1035,2020-07-28T16:54:37.000Z,2020-07-28
sentinel-s2-l2a,tiles/43/X/DE/2020/7/28/2/productInfo.json,1035,2020-07-28T23:14:30.000Z,2020-07-28
sentinel-s2-l2a,tiles/43/X/DF/2020/7/28/0/productInfo.json,1035,2020-07-28T16:30:55.000Z,2020-07-28
sentinel-s2-l2a,tiles/43/X/DF/2020/7/28/1/productInfo.json,1035,2020-07-28T16:55:22.000Z,2020-07-28
sentinel-s2-l2a,tiles/43/X/DF/2020/7/28/2/productInfo.json,1035,2020-07-28T23:14:06.000Z,2020-07-28
sentinel-s2-l2a,tiles/43/X/DG/2020/7/28/0/productInfo.json,1035,2020-07-28T16:30:15.000Z,2020-07-28
sentinel-s2-l2a,tiles/43/X/DG/2020/7/28/1/productInfo.json,1035,2020-07-28T16:34:20.000Z,2020-07-28
sentinel-s2-l2a,tiles/43/X/DH/2020/7/28/0/productInfo.json,1035,2020-07-28T16:54:37.000Z,2020-07-28
sentinel-s2-l2a,tiles/43/X/DH/2020/7/28/1/productInfo.json,1035,2020-07-28T17:53:53.000Z,2020-07-28
sentinel-s2-l2a,tiles/43/X/DJ/2020/7/28/0/productInfo.json,1035,2020-07-28T16:30:18.000Z,2020-07-28
sentinel-s2-l2a,tiles/43/X/DJ/2020/7/28/1/productInfo.json,1035,2020-07-28T16:48:39.000Z,2020-07-28
sentinel-s2-l2a,tiles/43/X/DJ/2020/7/28/2/productInfo.json,1035,2020-07-28T17:49:29.000Z,2020-07-28
sentinel-s2-l2a,tiles/43/X/DJ/2020/7/28/3/productInfo.json,1035,2020-07-28T19:31:24.000Z,2020-07-28
sentinel-s2-l2a,tiles/43/X/DK/2020/7/28/0/productInfo.json,1035,2020-07-28T16:49:50.000Z,2020-07-28
sentinel-s2-l2a,tiles/43/X/DK/2020/7/28/1/productInfo.json,1035,2020-07-28T17:01:32.000Z,2020-07-28
sentinel-s2-l2a,tiles/43/X/DK/2020/7/28/2/productInfo.json,1035,2020-07-28T17:56:10.000Z,2020-07-28
sentinel-s2-l2a,tiles/43/X/DK/2020/7/28/3/productInfo.json,1035,2020-07-28T19:49:27.000Z,2020-07-28
sentinel-s2-l2a,tiles/43/X/DL/2020/7/28/0/productInfo.json,1035,2020-07-28T16:49:53.000Z,2020-07-28
sentinel-s2-l2a,tiles/43/X/DL/2020/7/28/1/productInfo.json,1035,2020-07-28T17:54:46.000Z,2020-07-28
sentinel-s2-l2a,tiles/43/X/DL/2020/7/28/2/productInfo.json,1035,2020-07-28T19:45:38.000Z,2020-07-28
sentinel-s2-l2a,tiles/43/X/EA/2020/7/28/0/productInfo.json,1035,2020-07-28T19:31:11.000Z,2020-07-28
sentinel-s2-l2a,tiles/43/X/EB/2020/7/28/0/productInfo.json,1035,2020-07-28T19:16:35.000Z,2020-07-28
sentinel-s2-l2a,tiles/43/X/EC/2020/7/28/0/productInfo.json,1035,2020-07-28T16:34:32.000Z,2020-07-28
sentinel-s2-l2a,tiles/43/X/EC/2020/7/28/1/productInfo.json,1035,2020-07-28T19:38:38.000Z,2020-07-28
sentinel-s2-l2a,tiles/43/X/ED/2020/7/28/0/productInfo.json,1035,2020-07-28T16:34:01.000Z,2020-07-28
sentinel-s2-l2a,tiles/43/X/ED/2020/7/28/1/productInfo.json,1035,2020-07-28T19:12:02.000Z,2020-07-28
sentinel-s2-l2a,tiles/43/X/EE/2020/7/28/0/productInfo.json,1035,2020-07-28T16:30:20.000Z,2020-07-28
sentinel-s2-l2a,tiles/43/X/EF/2020/7/28/0/productInfo.json,1035,2020-07-28T16:29:21.000Z,2020-07-28
sentinel-s2-l2a,tiles/43/X/EF/2020/7/28/1/productInfo.json,1035,2020-07-28T16:56:29.000Z,2020-07-28
sentinel-s2-l2a,tiles/43/X/EG/2020/7/28/0/productInfo.json,1035,2020-07-28T16:31:26.000Z,2020-07-28
sentinel-s2-l2a,tiles/43/X/EG/2020/7/28/1/productInfo.json,1035,2020-07-28T16:47:57.000Z,2020-07-28
sentinel-s2-l2a,tiles/43/X/EH/2020/7/28/0/productInfo.json,1035,2020-07-28T16:31:36.000Z,2020-07-28
sentinel-s2-l2a,tiles/43/X/EH/2020/7/28/1/productInfo.json,1035,2020-07-28T16:51:51.000Z,2020-07-28
sentinel-s2-l2a,tiles/43/X/EH/2020/7/28/2/productInfo.json,1035,2020-07-28T17:50:48.000Z,2020-07-28
sentinel-s2-l2a,tiles/43/X/EJ/2020/7/28/0/productInfo.json,1035,2020-07-28T16:29:37.000Z,2020-07-28
sentinel-s2-l2a,tiles/43/X/EJ/2020/7/28/1/productInfo.json,1035,2020-07-28T16:32:47.000Z,2020-07-28
sentinel-s2-l2a,tiles/43/X/EJ/2020/7/28/2/productInfo.json,1035,2020-07-28T16:51:31.000Z,2020-07-28
sentinel-s2-l2a,tiles/43/X/EJ/2020/7/28/3/productInfo.json,1035,2020-07-28T17:54:21.000Z,2020-07-28
sentinel-s2-l2a,tiles/43/X/EJ/2020/7/28/4/productInfo.json,1035,2020-07-28T19:44:18.000Z,2020-07-28
sentinel-s2-l2a,tiles/43/X/EK/2020/7/28/0/productInfo.json,1035,2020-07-28T16:25:46.000Z,2020-07-28
sentinel-s2-l2a,tiles/43/X/EK/2020/7/28/1/productInfo.json,1035,2020-07-28T16:47:35.000Z,2020-07-28
sentinel-s2-l2a,tiles/43/X/EK/2020/7/28/2/productInfo.json,1035,2020-07-28T17:50:03.000Z,2020-07-28
sentinel-s2-l2a,tiles/43/X/EK/2020/7/28/3/productInfo.json,1035,2020-07-28T19:50:00.000Z,2020-07-28
sentinel-s2-l2a,tiles/43/X/EL/2020/7/28/0/productInfo.json,1035,2020-07-28T16:25:54.000Z,2020-07-28
sentinel-s2-l2a,tiles/43/X/EL/2020/7/28/1/productInfo.json,1035,2020-07-28T16:49:49.000Z,2020-07-28
sentinel-s2-l2a,tiles/43/X/EL/2020/7/28/2/productInfo.json,1035,2020-07-28T17:53:36.000Z,2020-07-28
sentinel-s2-l2a,tiles/43/X/EL/2020/7/28/3/productInfo.json,1035,2020-07-28T19:30:30.000Z,2020-07-28
sentinel-s2-l2a,tiles/43/X/EM/2020/7/28/0/productInfo.json,1035,2020-07-28T16:25:26.000Z,2020-07-28
sentinel-s2-l2a,tiles/43/X/EM/2020/7/28/1/productInfo.json,1035,2020-07-28T17:47:42.000Z,2020-07-28
sentinel-s2-l2a,tiles/43/X/EM/2020/7/28/2/productInfo.json,1035,2020-07-28T19:45:37.000Z,2020-07-28
sentinel-s2-l2a,tiles/43/X/FA/2020/7/28/0/productInfo.json,1035,2020-07-28T19:52:53.000Z,2020-07-28
sentinel-s2-l2a,tiles/17/Q/QU/2020/7/28/0/productInfo.json,1035,2020-07-29T01:51:52.000Z,2020-07-28
sentinel-s2-l2a,tiles/17/Q/QV/2020/7/28/0/productInfo.json,1035,2020-07-29T01:48:37.000Z,2020-07-28
sentinel-s2-l2a,tiles/17/Q/RA/2020/7/28/0/productInfo.json,1035,2020-07-29T02:11:20.000Z,2020-07-28
sentinel-s2-l2a,tiles/17/Q/RB/2020/7/28/0/productInfo.json,1035,2020-07-29T02:11:23.000Z,2020-07-28
sentinel-s2-l2a,tiles/17/Q/RC/2020/7/28/0/productInfo.json,1035,2020-07-29T02:10:49.000Z,2020-07-28
sentinel-s2-l2a,tiles/17/Q/RD/2020/7/28/0/productInfo.json,1035,2020-07-29T02:09:33.000Z,2020-07-28
sentinel-s2-l2a,tiles/17/Q/RE/2020/7/28/0/productInfo.json,1035,2020-07-29T01:52:11.000Z,2020-07-28
sentinel-s2-l2a,tiles/17/Q/RU/2020/7/28/0/productInfo.json,1035,2020-07-29T02:09:59.000Z,2020-07-28
sentinel-s2-l2a,tiles/17/Q/RV/2020/7/28/0/productInfo.json,1035,2020-07-29T02:09:17.000Z,2020-07-28
sentinel-s2-l2a,tiles/17/S/KA/2020/7/28/0/productInfo.json,1035,2020-07-29T02:56:10.000Z,2020-07-28
sentinel-s2-l2a,tiles/17/S/KB/2020/7/28/0/productInfo.json,1035,2020-07-29T03:01:48.000Z,2020-07-28
sentinel-s2-l2a,tiles/17/S/KC/2020/7/28/0/productInfo.json,1035,2020-07-29T02:50:50.000Z,2020-07-28
sentinel-s2-l2a,tiles/17/S/KD/2020/7/28/0/productInfo.json,1035,2020-07-29T02:55:49.000Z,2020-07-28
sentinel-s2-l2a,tiles/17/S/KR/2020/7/28/0/productInfo.json,1035,2020-07-29T00:39:49.000Z,2020-07-28
sentinel-s2-l2a,tiles/19/T/DF/2020/7/28/0/productInfo.json,1035,2020-07-29T01:55:26.000Z,2020-07-28
sentinel-s2-l2a,tiles/19/T/DG/2020/7/28/0/productInfo.json,1035,2020-07-29T01:56:37.000Z,2020-07-28
sentinel-s2-l2a,tiles/19/T/DH/2020/7/28/0/productInfo.json,1035,2020-07-29T01:55:20.000Z,2020-07-28
sentinel-s2-l2a,tiles/19/T/DJ/2020/7/28/0/productInfo.json,1035,2020-07-29T01:56:09.000Z,2020-07-28
sentinel-s2-l2a,tiles/19/T/DK/2020/7/28/0/productInfo.json,1035,2020-07-29T01:52:24.000Z,2020-07-28
sentinel-s2-l2a,tiles/19/T/DL/2020/7/28/0/productInfo.json,1035,2020-07-29T01:51:58.000Z,2020-07-28
sentinel-s2-l2a,tiles/19/T/DM/2020/7/28/0/productInfo.json,1035,2020-07-29T01:55:55.000Z,2020-07-28
sentinel-s2-l2a,tiles/19/T/DN/2020/7/28/0/productInfo.json,1035,2020-07-29T01:54:02.000Z,2020-07-28
sentinel-s2-l2a,tiles/19/T/EE/2020/7/28/0/productInfo.json,1035,2020-07-29T01:52:55.000Z,2020-07-28
sentinel-s2-l2a,tiles/19/T/EF/2020/7/28/0/productInfo.json,1035,2020-07-29T01:56:51.000Z,2020-07-28
sentinel-s2-l2a,tiles/19/T/EG/2020/7/28/0/productInfo.json,1035,2020-07-29T01:56:09.000Z,2020-07-28
sentinel-s2-l2a,tiles/19/T/EH/2020/7/28/0/productInfo.json,1035,2020-07-29T01:55:50.000Z,2020-07-28
sentinel-s2-l2a,tiles/19/T/EJ/2020/7/28/0/productInfo.json,1035,2020-07-29T01:54:45.000Z,2020-07-28
sentinel-s2-l2a,tiles/19/T/EK/2020/7/28/0/productInfo.json,1035,2020-07-29T01:53:44.000Z,2020-07-28
sentinel-s2-l2a,tiles/19/T/EL/2020/7/28/0/productInfo.json,1035,2020-07-29T01:52:58.000Z,2020-07-28
sentinel-s2-l2a,tiles/19/T/EM/2020/7/28/0/productInfo.json,1035,2020-07-29T01:56:51.000Z,2020-07-28
sentinel-s2-l2a,tiles/19/T/EN/2020/7/28/0/productInfo.json,1035,2020-07-29T01:53:04.000Z,2020-07-28
sentinel-s2-l2a,tiles/19/T/FH/2020/7/28/0/productInfo.json,1035,2020-07-29T01:56:49.000Z,2020-07-28
sentinel-s2-l2a,tiles/19/T/FJ/2020/7/28/0/productInfo.json,1035,2020-07-29T01:55:46.000Z,2020-07-28
sentinel-s2-l2a,tiles/19/T/FK/2020/7/28/0/productInfo.json,1035,2020-07-29T01:58:43.000Z,2020-07-28
sentinel-s2-l2a,tiles/19/T/FL/2020/7/28/0/productInfo.json,1035,2020-07-29T01:45:47.000Z,2020-07-28
sentinel-s2-l2a,tiles/19/T/FM/2020/7/28/0/productInfo.json,1035,2020-07-29T01:55:08.000Z,2020-07-28
sentinel-s2-l2a,tiles/19/T/FN/2020/7/28/0/productInfo.json,1035,2020-07-29T01:52:34.000Z,2020-07-28
sentinel-s2-l2a,tiles/19/T/GM/2020/7/28/0/productInfo.json,1035,2020-07-29T01:53:07.000Z,2020-07-28
sentinel-s2-l2a,tiles/19/T/GN/2020/7/28/0/productInfo.json,1035,2020-07-29T01:55:40.000Z,2020-07-28
sentinel-s2-l2a,tiles/19/U/DP/2020/7/28/0/productInfo.json,1035,2020-07-29T01:50:44.000Z,2020-07-28
sentinel-s2-l2a,tiles/19/U/DQ/2020/7/28/0/productInfo.json,1035,2020-07-29T01:54:19.000Z,2020-07-28
sentinel-s2-l2a,tiles/19/U/DR/2020/7/28/0/productInfo.json,1035,2020-07-29T01:52:20.000Z,2020-07-28
sentinel-s2-l2a,tiles/19/U/EP/2020/7/28/0/productInfo.json,1035,2020-07-29T01:55:15.000Z,2020-07-28
sentinel-s2-l2a,tiles/19/U/EQ/2020/7/28/0/productInfo.json,1035,2020-07-29T01:55:03.000Z,2020-07-28
sentinel-s2-l2a,tiles/19/U/ER/2020/7/28/0/productInfo.json,1035,2020-07-29T01:53:09.000Z,2020-07-28
sentinel-s2-l2a,tiles/19/U/ES/2020/7/28/0/productInfo.json,1035,2020-07-29T01:55:17.000Z,2020-07-28
sentinel-s2-l2a,tiles/19/U/ET/2020/7/28/0/productInfo.json,1035,2020-07-29T01:51:45.000Z,2020-07-28
sentinel-s2-l2a,tiles/19/U/EU/2020/7/28/0/productInfo.json,1035,2020-07-29T01:52:51.000Z,2020-07-28
sentinel-s2-l2a,tiles/19/U/EV/2020/7/28/0/productInfo.json,1035,2020-07-29T01:53:04.000Z,2020-07-28
sentinel-s2-l2a,tiles/19/U/FA/2020/7/28/0/productInfo.json,1035,2020-07-29T01:57:44.000Z,2020-07-28
sentinel-s2-l2a,tiles/19/U/FB/2020/7/28/0/productInfo.json,1035,2020-07-29T01:51:21.000Z,2020-07-28
sentinel-s2-l2a,tiles/19/U/FP/2020/7/28/0/productInfo.json,1035,2020-07-29T01:46:23.000Z,2020-07-28
sentinel-s2-l2a,tiles/19/U/FQ/2020/7/28/0/productInfo.json,1035,2020-07-29T01:55:43.000Z,2020-07-28
sentinel-s2-l2a,tiles/19/U/FR/2020/7/28/0/productInfo.json,1035,2020-07-29T01:51:54.000Z,2020-07-28
sentinel-s2-l2a,tiles/19/U/FS/2020/7/28/0/productInfo.json,1035,2020-07-29T01:54:08.000Z,2020-07-28
sentinel-s2-l2a,tiles/19/U/FT/2020/7/28/0/productInfo.json,1035,2020-07-29T01:51:02.000Z,2020-07-28
sentinel-s2-l2a,tiles/19/U/FU/2020/7/28/0/productInfo.json,1035,2020-07-29T01:52:48.000Z,2020-07-28
sentinel-s2-l2a,tiles/19/U/FV/2020/7/28/0/productInfo.json,1035,2020-07-29T01:46:38.000Z,2020-07-28
sentinel-s2-l2a,tiles/19/U/GP/2020/7/28/0/productInfo.json,1035,2020-07-29T01:57:51.000Z,2020-07-28
sentinel-s2-l2a,tiles/19/U/GQ/2020/7/28/0/productInfo.json,1035,2020-07-29T01:55:14.000Z,2020-07-28
sentinel-s2-l2a,tiles/19/U/GR/2020/7/28/0/productInfo.json,1035,2020-07-29T01:54:09.000Z,2020-07-28
sentinel-s2-l2a,tiles/19/U/GS/2020/7/28/0/productInfo.json,1035,2020-07-29T01:56:39.000Z,2020-07-28
sentinel-s2-l2a,tiles/19/U/GT/2020/7/28/0/productInfo.json,1035,2020-07-29T01:55:54.000Z,2020-07-28
sentinel-s2-l2a,tiles/19/U/GU/2020/7/28/0/productInfo.json,1035,2020-07-29T01:50:23.000Z,2020-07-28
sentinel-s2-l2a,tiles/19/U/GV/2020/7/28/0/productInfo.json,1035,2020-07-29T01:50:00.000Z,2020-07-28
sentinel-s2-l2a,tiles/19/V/CE/2020/7/28/0/productInfo.json,1035,2020-07-29T03:21:50.000Z,2020-07-28
sentinel-s2-l2a,tiles/19/V/CF/2020/7/28/0/productInfo.json,1035,2020-07-29T03:22:40.000Z,2020-07-28
sentinel-s2-l2a,tiles/30/U/WA/2020/7/28/0/productInfo.json,1035,2020-07-28T20:04:31.000Z,2020-07-28
sentinel-s2-l2a,tiles/30/U/WB/2020/7/28/0/productInfo.json,1035,2020-07-28T20:03:24.000Z,2020-07-28
sentinel-s2-l2a,tiles/30/U/WC/2020/7/28/0/productInfo.json,1035,2020-07-28T19:58:35.000Z,2020-07-28
sentinel-s2-l2a,tiles/30/U/WD/2020/7/28/0/productInfo.json,1035,2020-07-28T20:01:54.000Z,2020-07-28
sentinel-s2-l2a,tiles/30/U/WE/2020/7/28/0/productInfo.json,1035,2020-07-28T20:01:20.000Z,2020-07-28
sentinel-s2-l2a,tiles/30/U/WF/2020/7/28/0/productInfo.json,1035,2020-07-28T18:59:44.000Z,2020-07-28
sentinel-s2-l2a,tiles/30/U/WF/2020/7/28/1/productInfo.json,1035,2020-07-28T20:02:36.000Z,2020-07-28
sentinel-s2-l2a,tiles/30/U/WG/2020/7/28/0/productInfo.json,1035,2020-07-28T18:55:04.000Z,2020-07-28
sentinel-s2-l2a,tiles/30/U/WG/2020/7/28/1/productInfo.json,1035,2020-07-28T20:05:46.000Z,2020-07-28
sentinel-s2-l2a,tiles/30/U/WU/2020/7/28/0/productInfo.json,1035,2020-07-28T20:05:24.000Z,2020-07-28
sentinel-s2-l2a,tiles/30/U/WV/2020/7/28/0/productInfo.json,1035,2020-07-28T20:04:42.000Z,2020-07-28
sentinel-s2-l2a,tiles/30/U/XB/2020/7/28/0/productInfo.json,1035,2020-07-28T20:05:35.000Z,2020-07-28
sentinel-s2-l2a,tiles/30/U/XC/2020/7/28/0/productInfo.json,1035,2020-07-28T20:05:01.000Z,2020-07-28
sentinel-s2-l2a,tiles/30/U/XD/2020/7/28/0/productInfo.json,1035,2020-07-28T19:57:22.000Z,2020-07-28
sentinel-s2-l2a,tiles/30/U/XE/2020/7/28/0/productInfo.json,1035,2020-07-28T19:56:42.000Z,2020-07-28
sentinel-s2-l2a,tiles/30/U/XF/2020/7/28/0/productInfo.json,1035,2020-07-28T18:59:49.000Z,2020-07-28
sentinel-s2-l2a,tiles/30/U/XF/2020/7/28/1/productInfo.json,1035,2020-07-28T19:56:59.000Z,2020-07-28
sentinel-s2-l2a,tiles/30/U/XG/2020/7/28/0/productInfo.json,1035,2020-07-28T18:55:02.000Z,2020-07-28
sentinel-s2-l2a,tiles/30/U/YE/2020/7/28/0/productInfo.json,1035,2020-07-28T20:05:58.000Z,2020-07-28
sentinel-s2-l2a,tiles/54/M/YV/2020/7/28/0/productInfo.json,1035,2020-07-28T11:09:24.000Z,2020-07-28
sentinel-s2-l2a,tiles/54/M/ZA/2020/7/28/0/productInfo.json,1035,2020-07-28T10:40:22.000Z,2020-07-28
sentinel-s2-l2a,tiles/54/M/ZB/2020/7/28/0/productInfo.json,1035,2020-07-28T11:13:40.000Z,2020-07-28
sentinel-s2-l2a,tiles/54/M/ZC/2020/7/28/0/productInfo.json,1035,2020-07-28T11:10:40.000Z,2020-07-28
sentinel-s2-l2a,tiles/54/M/ZD/2020/7/28/0/productInfo.json,1035,2020-07-28T11:04:37.000Z,2020-07-28
sentinel-s2-l2a,tiles/54/M/ZE/2020/7/28/0/productInfo.json,1035,2020-07-28T10:31:46.000Z,2020-07-28
sentinel-s2-l2a,tiles/54/M/ZS/2020/7/28/0/productInfo.json,1035,2020-07-28T11:34:37.000Z,2020-07-28
sentinel-s2-l2a,tiles/54/M/ZT/2020/7/28/0/productInfo.json,1035,2020-07-28T11:58:46.000Z,2020-07-28
sentinel-s2-l2a,tiles/54/M/ZU/2020/7/28/0/productInfo.json,1035,2020-07-28T12:30:57.000Z,2020-07-28
sentinel-s2-l2a,tiles/54/M/ZV/2020/7/28/0/productInfo.json,1035,2020-07-28T12:01:48.000Z,2020-07-28
sentinel-s2-l2a,tiles/54/R/WV/2020/7/28/0/productInfo.json,1035,2020-07-28T07:53:56.000Z,2020-07-28
sentinel-s2-l2a,tiles/54/R/XV/2020/7/28/0/productInfo.json,1035,2020-07-28T07:54:01.000Z,2020-07-28
sentinel-s2-l2a,tiles/54/S/UA/2020/7/28/0/productInfo.json,1035,2020-07-28T07:55:01.000Z,2020-07-28
sentinel-s2-l2a,tiles/54/S/UB/2020/7/28/0/productInfo.json,1035,2020-07-28T08:32:23.000Z,2020-07-28
sentinel-s2-l2a,tiles/54/S/UC/2020/7/28/0/productInfo.json,1035,2020-07-28T07:56:18.000Z,2020-07-28
sentinel-s2-l2a,tiles/54/S/UD/2020/7/28/0/productInfo.json,1035,2020-07-28T07:54:04.000Z,2020-07-28
sentinel-s2-l2a,tiles/54/S/VA/2020/7/28/0/productInfo.json,1035,2020-07-28T08:29:01.000Z,2020-07-28
sentinel-s2-l2a,tiles/54/S/VB/2020/7/28/0/productInfo.json,1035,2020-07-28T08:34:11.000Z,2020-07-28
sentinel-s2-l2a,tiles/54/S/VC/2020/7/28/0/productInfo.json,1035,2020-07-28T08:29:21.000Z,2020-07-28
sentinel-s2-l2a,tiles/54/S/VD/2020/7/28/0/productInfo.json,1035,2020-07-28T08:29:29.000Z,2020-07-28
sentinel-s2-l2a,tiles/54/S/VE/2020/7/28/0/productInfo.json,1035,2020-07-28T08:34:23.000Z,2020-07-28
sentinel-s2-l2a,tiles/54/S/VF/2020/7/28/0/productInfo.json,1035,2020-07-28T07:55:10.000Z,2020-07-28
sentinel-s2-l2a,tiles/54/S/VG/2020/7/28/0/productInfo.json,1035,2020-07-28T07:54:54.000Z,2020-07-28
sentinel-s2-l2a,tiles/54/S/VH/2020/7/28/0/productInfo.json,1035,2020-07-28T07:54:01.000Z,2020-07-28
sentinel-s2-l2a,tiles/54/S/WA/2020/7/28/0/productInfo.json,1035,2020-07-28T08:32:46.000Z,2020-07-28
sentinel-s2-l2a,tiles/54/S/WB/2020/7/28/0/productInfo.json,1035,2020-07-28T08:30:31.000Z,2020-07-28
sentinel-s2-l2a,tiles/54/S/WC/2020/7/28/0/productInfo.json,1035,2020-07-28T08:29:45.000Z,2020-07-28
sentinel-s2-l2a,tiles/54/S/WD/2020/7/28/0/productInfo.json,1035,2020-07-28T08:34:14.000Z,2020-07-28
sentinel-s2-l2a,tiles/54/S/WE/2020/7/28/0/productInfo.json,1035,2020-07-28T08:37:49.000Z,2020-07-28
sentinel-s2-l2a,tiles/54/S/WF/2020/7/28/0/productInfo.json,1035,2020-07-28T08:32:10.000Z,2020-07-28
sentinel-s2-l2a,tiles/54/S/WG/2020/7/28/0/productInfo.json,1035,2020-07-28T08:31:34.000Z,2020-07-28
sentinel-s2-l2a,tiles/54/S/WH/2020/7/28/0/productInfo.json,1035,2020-07-28T08:32:36.000Z,2020-07-28
sentinel-s2-l2a,tiles/54/S/WJ/2020/7/28/0/productInfo.json,1035,2020-07-28T08:30:59.000Z,2020-07-28
sentinel-s2-l2a,tiles/54/S/XA/2020/7/28/0/productInfo.json,1035,2020-07-28T08:22:51.000Z,2020-07-28
sentinel-s2-l2a,tiles/54/S/XB/2020/7/28/0/productInfo.json,1035,2020-07-28T08:33:22.000Z,2020-07-28
sentinel-s2-l2a,tiles/54/S/XC/2020/7/28/0/productInfo.json,1035,2020-07-28T08:32:12.000Z,2020-07-28
sentinel-s2-l2a,tiles/54/S/XD/2020/7/28/0/productInfo.json,1035,2020-07-28T08:36:32.000Z,2020-07-28
sentinel-s2-l2a,tiles/54/S/XE/2020/7/28/0/productInfo.json,1035,2020-07-28T08:32:32.000Z,2020-07-28
sentinel-s2-l2a,tiles/54/S/XF/2020/7/28/0/productInfo.json,1035,2020-07-28T08:32:56.000Z,2020-07-28
sentinel-s2-l2a,tiles/54/S/XG/2020/7/28/0/productInfo.json,1035,2020-07-28T08:33:02.000Z,2020-07-28
sentinel-s2-l2a,tiles/54/S/XH/2020/7/28/0/productInfo.json,1035,2020-07-28T08:28:34.000Z,2020-07-28
sentinel-s2-l2a,tiles/54/S/XJ/2020/7/28/0/productInfo.json,1035,2020-07-28T08:28:41.000Z,2020-07-28
sentinel-s2-l2a,tiles/54/S/YD/2020/7/28/0/productInfo.json,1035,2020-07-28T08:31:48.000Z,2020-07-28
sentinel-s2-l2a,tiles/54/S/YE/2020/7/28/0/productInfo.json,1035,2020-07-28T08:37:13.000Z,2020-07-28
sentinel-s2-l2a,tiles/54/S/YF/2020/7/28/0/productInfo.json,1035,2020-07-28T08:27:45.000Z,2020-07-28
sentinel-s2-l2a,tiles/54/S/YG/2020/7/28/0/productInfo.json,1035,2020-07-28T08:31:59.000Z,2020-07-28
sentinel-s2-l2a,tiles/54/S/YH/2020/7/28/0/productInfo.json,1035,2020-07-28T08:33:35.000Z,2020-07-28
sentinel-s2-l2a,tiles/54/S/YJ/2020/7/28/0/productInfo.json,1035,2020-07-28T08:37:11.000Z,2020-07-28
sentinel-s2-l2a,tiles/54/T/WK/2020/7/28/0/productInfo.json,1035,2020-07-28T08:35:45.000Z,2020-07-28
sentinel-s2-l2a,tiles/54/T/WL/2020/7/28/0/productInfo.json,1035,2020-07-28T08:30:36.000Z,2020-07-28
sentinel-s2-l2a,tiles/54/T/WM/2020/7/28/0/productInfo.json,1035,2020-07-28T08:27:51.000Z,2020-07-28
sentinel-s2-l2a,tiles/54/T/WN/2020/7/28/0/productInfo.json,1035,2020-07-28T08:32:48.000Z,2020-07-28
sentinel-s2-l2a,tiles/54/T/XK/2020/7/28/0/productInfo.json,1035,2020-07-28T08:27:17.000Z,2020-07-28
sentinel-s2-l2a,tiles/54/T/XL/2020/7/28/0/productInfo.json,1035,2020-07-28T08:27:08.000Z,2020-07-28
sentinel-s2-l2a,tiles/54/T/XM/2020/7/28/0/productInfo.json,1035,2020-07-28T08:26:44.000Z,2020-07-28
sentinel-s2-l2a,tiles/54/T/XN/2020/7/28/0/productInfo.json,1035,2020-07-28T08:24:49.000Z,2020-07-28
sentinel-s2-l2a,tiles/49/J/EF/2020/7/28/0/productInfo.json,1035,2020-07-28T14:46:16.000Z,2020-07-28
sentinel-s2-l2a,tiles/49/J/EG/2020/7/28/0/productInfo.json,1035,2020-07-28T14:51:55.000Z,2020-07-28
sentinel-s2-l2a,tiles/49/J/EH/2020/7/28/0/productInfo.json,1035,2020-07-28T14:45:11.000Z,2020-07-28
sentinel-s2-l2a,tiles/49/J/FF/2020/7/28/0/productInfo.json,1035,2020-07-28T14:47:05.000Z,2020-07-28
sentinel-s2-l2a,tiles/49/J/FG/2020/7/28/0/productInfo.json,1035,2020-07-28T14:45:59.000Z,2020-07-28
sentinel-s2-l2a,tiles/49/J/FH/2020/7/28/0/productInfo.json,1035,2020-07-28T14:46:54.000Z,2020-07-28
sentinel-s2-l2a,tiles/49/J/FJ/2020/7/28/0/productInfo.json,1035,2020-07-28T14:42:28.000Z,2020-07-28
sentinel-s2-l2a,tiles/49/J/FK/2020/7/28/0/productInfo.json,1035,2020-07-28T14:49:49.000Z,2020-07-28
sentinel-s2-l2a,tiles/49/J/FL/2020/7/28/0/productInfo.json,1035,2020-07-28T14:45:07.000Z,2020-07-28
sentinel-s2-l2a,tiles/49/J/GF/2020/7/28/0/productInfo.json,1035,2020-07-28T14:44:35.000Z,2020-07-28
sentinel-s2-l2a,tiles/49/J/GG/2020/7/28/0/productInfo.json,1035,2020-07-28T14:44:03.000Z,2020-07-28
sentinel-s2-l2a,tiles/49/J/GH/2020/7/28/0/productInfo.json,1035,2020-07-28T14:43:55.000Z,2020-07-28
sentinel-s2-l2a,tiles/49/J/GJ/2020/7/28/0/productInfo.json,1035,2020-07-28T14:45:06.000Z,2020-07-28
sentinel-s2-l2a,tiles/49/J/GK/2020/7/28/0/productInfo.json,1035,2020-07-28T14:52:49.000Z,2020-07-28
sentinel-s2-l2a,tiles/49/J/GL/2020/7/28/0/productInfo.json,1035,2020-07-28T14:42:20.000Z,2020-07-28
sentinel-s2-l2a,tiles/49/J/GM/2020/7/28/0/productInfo.json,1035,2020-07-28T14:40:41.000Z,2020-07-28
sentinel-s2-l2a,tiles/49/J/GN/2020/7/28/0/productInfo.json,1035,2020-07-28T14:56:48.000Z,2020-07-28
sentinel-s2-l2a,tiles/49/J/HM/2020/7/28/0/productInfo.json,1035,2020-07-28T14:49:03.000Z,2020-07-28
sentinel-s2-l2a,tiles/49/J/HN/2020/7/28/0/productInfo.json,1035,2020-07-28T14:47:08.000Z,2020-07-28
sentinel-s2-l2a,tiles/49/K/GP/2020/7/28/0/productInfo.json,1035,2020-07-28T14:49:23.000Z,2020-07-28
sentinel-s2-l2a,tiles/49/K/GQ/2020/7/28/0/productInfo.json,1035,2020-07-28T14:39:53.000Z,2020-07-28
sentinel-s2-l2a,tiles/49/K/HP/2020/7/28/0/productInfo.json,1035,2020-07-28T14:42:24.000Z,2020-07-28
sentinel-s2-l2a,tiles/49/K/HQ/2020/7/28/0/productInfo.json,1035,2020-07-28T14:44:53.000Z,2020-07-28
sentinel-s2-l2a,tiles/49/K/HR/2020/7/28/0/productInfo.json,1035,2020-07-28T14:43:23.000Z,2020-07-28
sentinel-s2-l2a,tiles/49/K/HS/2020/7/28/0/productInfo.json,1035,2020-07-28T14:47:15.000Z,2020-07-28
sentinel-s2-l2a,tiles/49/K/HT/2020/7/28/0/productInfo.json,1035,2020-07-28T14:48:47.000Z,2020-07-28
sentinel-s2-l2a,tiles/49/K/HU/2020/7/28/0/productInfo.json,1035,2020-07-28T14:43:04.000Z,2020-07-28
sentinel-s2-l2a,tiles/49/M/BQ/2020/7/28/0/productInfo.json,1035,2020-07-28T09:51:44.000Z,2020-07-28
sentinel-s2-l2a,tiles/49/M/BR/2020/7/28/0/productInfo.json,1035,2020-07-28T10:02:28.000Z,2020-07-28
sentinel-s2-l2a,tiles/49/M/BS/2020/7/28/0/productInfo.json,1035,2020-07-28T10:02:13.000Z,2020-07-28
sentinel-s2-l2a,tiles/49/M/BT/2020/7/28/0/productInfo.json,1035,2020-07-28T10:01:38.000Z,2020-07-28
sentinel-s2-l2a,tiles/49/M/BU/2020/7/28/0/productInfo.json,1035,2020-07-28T10:00:03.000Z,2020-07-28
sentinel-s2-l2a,tiles/49/M/BV/2020/7/28/0/productInfo.json,1035,2020-07-28T09:54:45.000Z,2020-07-28
sentinel-s2-l2a,tiles/49/M/CV/2020/7/28/0/productInfo.json,1035,2020-07-28T09:51:36.000Z,2020-07-28
sentinel-s2-l2a,tiles/34/S/BH/2020/7/28/0/productInfo.json,1035,2020-07-28T17:12:57.000Z,2020-07-28
sentinel-s2-l2a,tiles/34/S/BJ/2020/7/28/0/productInfo.json,1035,2020-07-28T17:14:49.000Z,2020-07-28
sentinel-s2-l2a,tiles/34/S/CH/2020/7/28/0/productInfo.json,1035,2020-07-28T17:16:12.000Z,2020-07-28
sentinel-s2-l2a,tiles/34/S/CJ/2020/7/28/0/productInfo.json,1035,2020-07-28T17:16:06.000Z,2020-07-28
sentinel-s2-l2a,tiles/34/T/BK/2020/7/28/0/productInfo.json,1035,2020-07-28T17:14:38.000Z,2020-07-28
sentinel-s2-l2a,tiles/34/T/BL/2020/7/28/0/productInfo.json,1035,2020-07-28T17:12:33.000Z,2020-07-28
sentinel-s2-l2a,tiles/34/T/BM/2020/7/28/0/productInfo.json,1035,2020-07-28T17:13:26.000Z,2020-07-28
sentinel-s2-l2a,tiles/34/T/CK/2020/7/28/0/productInfo.json,1035,2020-07-28T17:13:57.000Z,2020-07-28
sentinel-s2-l2a,tiles/34/T/CL/2020/7/28/0/productInfo.json,1035,2020-07-28T17:13:46.000Z,2020-07-28
sentinel-s2-l2a,tiles/34/T/CM/2020/7/28/0/productInfo.json,1035,2020-07-28T17:14:48.000Z,2020-07-28
sentinel-s2-l2a,tiles/34/T/CN/2020/7/28/0/productInfo.json,1035,2020-07-28T17:11:49.000Z,2020-07-28
sentinel-s2-l2a,tiles/34/T/CP/2020/7/28/0/productInfo.json,1035,2020-07-28T17:12:50.000Z,2020-07-28
sentinel-s2-l2a,tiles/34/T/CQ/2020/7/28/0/productInfo.json,1035,2020-07-28T17:12:47.000Z,2020-07-28
sentinel-s2-l2a,tiles/34/T/CR/2020/7/28/0/productInfo.json,1035,2020-07-28T17:12:09.000Z,2020-07-28
sentinel-s2-l2a,tiles/34/T/CS/2020/7/28/0/productInfo.json,1035,2020-07-28T17:13:19.000Z,2020-07-28
sentinel-s2-l2a,tiles/34/T/CT/2020/7/28/0/productInfo.json,1035,2020-07-28T17:11:45.000Z,2020-07-28
sentinel-s2-l2a,tiles/34/T/DM/2020/7/28/0/productInfo.json,1035,2020-07-28T17:14:12.000Z,2020-07-28
sentinel-s2-l2a,tiles/34/T/DN/2020/7/28/0/productInfo.json,1035,2020-07-28T17:14:12.000Z,2020-07-28
sentinel-s2-l2a,tiles/34/T/DP/2020/7/28/0/productInfo.json,1035,2020-07-28T17:08:45.000Z,2020-07-28
sentinel-s2-l2a,tiles/34/T/DQ/2020/7/28/0/productInfo.json,1035,2020-07-28T17:19:07.000Z,2020-07-28
sentinel-s2-l2a,tiles/34/T/DR/2020/7/28/0/productInfo.json,1035,2020-07-28T17:15:21.000Z,2020-07-28
sentinel-s2-l2a,tiles/34/T/DS/2020/7/28/0/productInfo.json,1035,2020-07-28T17:13:47.000Z,2020-07-28
sentinel-s2-l2a,tiles/34/T/DT/2020/7/28/0/productInfo.json,1035,2020-07-28T17:17:21.000Z,2020-07-28
sentinel-s2-l2a,tiles/32/P/PQ/2020/7/28/0/productInfo.json,1035,2020-07-28T16:47:47.000Z,2020-07-28
sentinel-s2-l2a,tiles/32/P/PR/2020/7/28/0/productInfo.json,1035,2020-07-28T16:54:17.000Z,2020-07-28
sentinel-s2-l2a,tiles/32/P/PS/2020/7/28/0/productInfo.json,1035,2020-07-28T16:50:50.000Z,2020-07-28
sentinel-s2-l2a,tiles/32/P/PT/2020/7/28/0/productInfo.json,1035,2020-07-28T16:51:16.000Z,2020-07-28
sentinel-s2-l2a,tiles/32/P/PU/2020/7/28/0/productInfo.json,1035,2020-07-28T16:47:46.000Z,2020-07-28
sentinel-s2-l2a,tiles/32/P/PV/2020/7/28/0/productInfo.json,1035,2020-07-28T16:50:59.000Z,2020-07-28
sentinel-s2-l2a,tiles/32/P/QA/2020/7/28/0/productInfo.json,1035,2020-07-28T16:47:26.000Z,2020-07-28
sentinel-s2-l2a,tiles/32/P/QB/2020/7/28/0/productInfo.json,1035,2020-07-28T16:51:42.000Z,2020-07-28
sentinel-s2-l2a,tiles/32/P/QC/2020/7/28/0/productInfo.json,1035,2020-07-28T16:52:01.000Z,2020-07-28
sentinel-s2-l2a,tiles/32/P/QR/2020/7/28/0/productInfo.json,1035,2020-07-28T16:49:32.000Z,2020-07-28
sentinel-s2-l2a,tiles/32/P/QS/2020/7/28/0/productInfo.json,1035,2020-07-28T16:48:51.000Z,2020-07-28
sentinel-s2-l2a,tiles/32/P/QT/2020/7/28/0/productInfo.json,1035,2020-07-28T16:51:17.000Z,2020-07-28
sentinel-s2-l2a,tiles/32/P/QU/2020/7/28/0/productInfo.json,1035,2020-07-28T16:53:09.000Z,2020-07-28
sentinel-s2-l2a,tiles/32/P/QV/2020/7/28/0/productInfo.json,1035,2020-07-28T16:49:37.000Z,2020-07-28
sentinel-s2-l2a,tiles/32/P/RA/2020/7/28/0/productInfo.json,1035,2020-07-28T16:48:18.000Z,2020-07-28
sentinel-s2-l2a,tiles/32/P/RB/2020/7/28/0/productInfo.json,1035,2020-07-28T16:49:09.000Z,2020-07-28
sentinel-s2-l2a,tiles/32/P/RC/2020/7/28/0/productInfo.json,1035,2020-07-28T16:48:28.000Z,2020-07-28
sentinel-s2-l2a,tiles/32/Q/ND/2020/7/28/0/productInfo.json,1035,2020-07-28T16:48:13.000Z,2020-07-28
sentinel-s2-l2a,tiles/32/Q/NE/2020/7/28/0/productInfo.json,1035,2020-07-28T16:48:34.000Z,2020-07-28
sentinel-s2-l2a,tiles/32/Q/PD/2020/7/28/0/productInfo.json,1035,2020-07-28T16:49:01.000Z,2020-07-28
sentinel-s2-l2a,tiles/32/Q/PE/2020/7/28/0/productInfo.json,1035,2020-07-28T16:55:12.000Z,2020-07-28
sentinel-s2-l2a,tiles/32/Q/PF/2020/7/28/0/productInfo.json,1035,2020-07-28T16:48:23.000Z,2020-07-28
sentinel-s2-l2a,tiles/32/Q/PG/2020/7/28/0/productInfo.json,1035,2020-07-28T16:55:05.000Z,2020-07-28
sentinel-s2-l2a,tiles/32/Q/PH/2020/7/28/0/productInfo.json,1035,2020-07-28T16:47:30.000Z,2020-07-28
sentinel-s2-l2a,tiles/32/Q/PJ/2020/7/28/0/productInfo.json,1035,2020-07-28T16:47:51.000Z,2020-07-28
sentinel-s2-l2a,tiles/32/Q/PK/2020/7/28/0/productInfo.json,1035,2020-07-28T16:49:21.000Z,2020-07-28
sentinel-s2-l2a,tiles/32/Q/QD/2020/7/28/0/productInfo.json,1035,2020-07-28T16:53:52.000Z,2020-07-28
sentinel-s2-l2a,tiles/32/Q/QE/2020/7/28/0/productInfo.json,1035,2020-07-28T16:52:21.000Z,2020-07-28
sentinel-s2-l2a,tiles/32/Q/QF/2020/7/28/0/productInfo.json,1035,2020-07-28T16:48:30.000Z,2020-07-28
sentinel-s2-l2a,tiles/32/Q/QG/2020/7/28/0/productInfo.json,1035,2020-07-28T16:49:13.000Z,2020-07-28
sentinel-s2-l2a,tiles/32/Q/QH/2020/7/28/0/productInfo.json,1035,2020-07-28T16:54:26.000Z,2020-07-28
sentinel-s2-l2a,tiles/32/Q/QJ/2020/7/28/0/productInfo.json,1035,2020-07-28T16:50:30.000Z,2020-07-28
sentinel-s2-l2a,tiles/32/Q/QK/2020/7/28/0/productInfo.json,1035,2020-07-28T16:54:07.000Z,2020-07-28
sentinel-s2-l2a,tiles/32/Q/QL/2020/7/28/0/productInfo.json,1035,2020-07-28T16:54:46.000Z,2020-07-28
sentinel-s2-l2a,tiles/32/Q/QM/2020/7/28/0/productInfo.json,1035,2020-07-28T16:52:57.000Z,2020-07-28
sentinel-s2-l2a,tiles/32/Q/RD/2020/7/28/0/productInfo.json,1035,2020-07-28T16:54:07.000Z,2020-07-28
sentinel-s2-l2a,tiles/32/Q/RE/2020/7/28/0/productInfo.json,1035,2020-07-28T16:47:24.000Z,2020-07-28
sentinel-s2-l2a,tiles/32/Q/RF/2020/7/28/0/productInfo.json,1035,2020-07-28T16:56:05.000Z,2020-07-28
sentinel-s2-l2a,tiles/32/Q/RG/2020/7/28/0/productInfo.json,1035,2020-07-28T16:54:21.000Z,2020-07-28
sentinel-s2-l2a,tiles/32/Q/RH/2020/7/28/0/productInfo.json,1035,2020-07-28T16:52:43.000Z,2020-07-28
sentinel-s2-l2a,tiles/32/Q/RJ/2020/7/28/0/productInfo.json,1035,2020-07-28T16:48:59.000Z,2020-07-28
sentinel-s2-l2a,tiles/32/Q/RK/2020/7/28/0/productInfo.json,1035,2020-07-28T16:54:25.000Z,2020-07-28
sentinel-s2-l2a,tiles/32/Q/RL/2020/7/28/0/productInfo.json,1035,2020-07-28T16:53:21.000Z,2020-07-28
sentinel-s2-l2a,tiles/32/Q/RM/2020/7/28/0/productInfo.json,1035,2020-07-28T16:54:21.000Z,2020-07-28
sentinel-s2-l2a,tiles/35/T/PE/2020/7/28/0/productInfo.json,1035,2020-07-28T17:11:33.000Z,2020-07-28
sentinel-s2-l2a,tiles/35/T/PE/2020/7/28/1/productInfo.json,1035,2020-07-28T20:47:12.000Z,2020-07-28
sentinel-s2-l2a,tiles/35/T/PF/2020/7/28/0/productInfo.json,1035,2020-07-28T16:53:28.000Z,2020-07-28
sentinel-s2-l2a,tiles/35/T/PG/2020/7/28/0/productInfo.json,1035,2020-07-28T16:51:42.000Z,2020-07-28
sentinel-s2-l2a,tiles/35/T/PH/2020/7/28/0/productInfo.json,1035,2020-07-28T16:28:44.000Z,2020-07-28
sentinel-s2-l2a,tiles/35/T/PJ/2020/7/28/0/productInfo.json,1035,2020-07-28T16:49:47.000Z,2020-07-28
sentinel-s2-l2a,tiles/35/T/QE/2020/7/28/0/productInfo.json,1035,2020-07-28T16:53:03.000Z,2020-07-28
sentinel-s2-l2a,tiles/35/T/QF/2020/7/28/0/productInfo.json,1035,2020-07-28T16:51:50.000Z,2020-07-28
sentinel-s2-l2a,tiles/35/T/QG/2020/7/28/0/productInfo.json,1035,2020-07-28T16:29:43.000Z,2020-07-28
sentinel-s2-l2a,tiles/35/T/QH/2020/7/28/0/productInfo.json,1035,2020-07-28T16:51:04.000Z,2020-07-28
sentinel-s2-l2a,tiles/35/T/QJ/2020/7/28/0/productInfo.json,1035,2020-07-28T16:49:29.000Z,2020-07-28
sentinel-s2-l2a,tiles/35/T/QK/2020/7/28/0/productInfo.json,1035,2020-07-28T16:50:44.000Z,2020-07-28
sentinel-s2-l2a,tiles/35/T/QL/2020/7/28/0/productInfo.json,1035,2020-07-28T16:57:20.000Z,2020-07-28
sentinel-s2-l2a,tiles/35/T/QM/2020/7/28/0/productInfo.json,1035,2020-07-28T16:53:31.000Z,2020-07-28
sentinel-s2-l2a,tiles/35/T/QM/2020/7/28/1/productInfo.json,1035,2020-07-28T22:18:40.000Z,2020-07-28
sentinel-s2-l2a,tiles/35/T/QN/2020/7/28/0/productInfo.json,1035,2020-07-28T22:18:27.000Z,2020-07-28
sentinel-s2-l2a,tiles/35/U/LA/2020/7/28/0/productInfo.json,1035,2020-07-28T17:31:06.000Z,2020-07-28
sentinel-s2-l2a,tiles/35/U/LB/2020/7/28/0/productInfo.json,1035,2020-07-28T17:31:21.000Z,2020-07-28
sentinel-s2-l2a,tiles/35/U/LT/2020/7/28/0/productInfo.json,1035,2020-07-28T17:42:23.000Z,2020-07-28
sentinel-s2-l2a,tiles/35/U/LU/2020/7/28/0/productInfo.json,1035,2020-07-28T17:38:16.000Z,2020-07-28
sentinel-s2-l2a,tiles/35/U/LV/2020/7/28/0/productInfo.json,1035,2020-07-28T17:31:39.000Z,2020-07-28
sentinel-s2-l2a,tiles/35/U/MA/2020/7/28/0/productInfo.json,1035,2020-07-28T17:32:20.000Z,2020-07-28
sentinel-s2-l2a,tiles/35/U/MB/2020/7/28/0/productInfo.json,1035,2020-07-28T17:32:05.000Z,2020-07-28
sentinel-s2-l2a,tiles/35/U/MV/2020/7/28/0/productInfo.json,1035,2020-07-28T17:30:37.000Z,2020-07-28
