sentinel-s2-l1c,tiles/48/X/WK/2020/7/26/0/productInfo.json,1035,2020-07-26T16:53:11.000Z,2020-07-26
sentinel-s2-l1c,tiles/48/X/WK/2020/7/26/1/productInfo.json,1035,2020-07-26T17:02:19.000Z,2020-07-26
sentinel-s2-l1c,tiles/48/X/WK/2020/7/26/2/productInfo.json,1035,2020-07-26T18:03:32.000Z,2020-07-26
sentinel-s2-l1c,tiles/48/X/WK/2020/7/26/3/productInfo.json,1035,2020-07-26T18:31:11.000Z,2020-07-26
sentinel-s2-l1c,tiles/48/X/WL/2020/7/26/0/productInfo.json,1035,2020-07-26T16:56:21.000Z,2020-07-26
sentinel-s2-l1c,tiles/48/X/WL/2020/7/26/1/productInfo.json,1035,2020-07-26T17:01:15.000Z,2020-07-26
sentinel-s2-l1c,tiles/48/X/WL/2020/7/26/2/productInfo.json,1035,2020-07-26T18:03:22.000Z,2020-07-26
sentinel-s2-l1c,tiles/48/X/WL/2020/7/26/3/productInfo.json,1035,2020-07-26T18:04:02.000Z,2020-07-26
sentinel-s2-l1c,tiles/48/X/WM/2020/7/26/0/productInfo.json,1035,2020-07-26T16:57:36.000Z,2020-07-26
sentinel-s2-l1c,tiles/48/X/WM/2020/7/26/1/productInfo.json,1035,2020-07-26T17:02:45.000Z,2020-07-26
sentinel-s2-l1c,tiles/48/X/WM/2020/7/26/2/productInfo.json,1035,2020-07-26T18:03:01.000Z,2020-07-26
sentinel-s2-l1c,tiles/48/X/WM/2020/7/26/3/productInfo.json,1035,2020-07-26T18:10:51.000Z,2020-07-26
sentinel-s2-l1c,tiles/48/X/WM/2020/7/26/4/productInfo.json,1035,2020-07-26T18:36:04.000Z,2020-07-26
sentinel-s2-l1c,tiles/48/X/WN/2020/7/26/0/productInfo.json,1035,2020-07-26T18:04:47.000Z,2020-07-26
sentinel-s2-l1c,tiles/48/X/WN/2020/7/26/1/productInfo.json,1035,2020-07-26T18:07:25.000Z,2020-07-26
sentinel-s2-l1c,tiles/48/X/WN/2020/7/26/2/productInfo.json,1035,2020-07-26T18:28:27.000Z,2020-07-26
sentinel-s2-l1c,tiles/48/X/WP/2020/7/26/0/productInfo.json,1035,2020-07-26T18:38:32.000Z,2020-07-26
sentinel-s2-l1c,tiles/48/X/XF/2020/7/26/0/productInfo.json,1035,2020-07-26T18:10:57.000Z,2020-07-26
sentinel-s2-l1c,tiles/54/M/VU/2020/7/26/0/productInfo.json,1035,2020-07-26T12:50:43.000Z,2020-07-26
sentinel-s2-l1c,tiles/54/M/VV/2020/7/26/0/productInfo.json,1035,2020-07-26T12:26:02.000Z,2020-07-26
sentinel-s2-l1c,tiles/54/M/WA/2020/7/26/0/productInfo.json,1035,2020-07-26T12:47:55.000Z,2020-07-26
sentinel-s2-l1c,tiles/54/M/WB/2020/7/26/0/productInfo.json,1035,2020-07-26T12:26:01.000Z,2020-07-26
sentinel-s2-l1c,tiles/54/M/WC/2020/7/26/0/productInfo.json,1035,2020-07-26T12:51:00.000Z,2020-07-26
sentinel-s2-l1c,tiles/54/M/WD/2020/7/26/0/productInfo.json,1035,2020-07-26T12:25:04.000Z,2020-07-26
sentinel-s2-l1c,tiles/54/M/WE/2020/7/26/0/productInfo.json,1035,2020-07-26T12:22:47.000Z,2020-07-26
sentinel-s2-l1c,tiles/54/M/WS/2020/7/26/0/productInfo.json,1035,2020-07-26T12:27:13.000Z,2020-07-26
sentinel-s2-l1c,tiles/54/M/WT/2020/7/26/0/productInfo.json,1035,2020-07-26T12:24:52.000Z,2020-07-26
sentinel-s2-l1c,tiles/54/M/WU/2020/7/26/0/productInfo.json,1035,2020-07-26T12:46:25.000Z,2020-07-26
sentinel-s2-l1c,tiles/54/M/WV/2020/7/26/0/productInfo.json,1035,2020-07-26T12:24:04.000Z,2020-07-26
sentinel-s2-l1c,tiles/54/M/XA/2020/7/26/0/productInfo.json,1035,2020-07-26T12:23:20.000Z,2020-07-26
sentinel-s2-l1c,tiles/54/M/XB/2020/7/26/0/productInfo.json,1035,2020-07-26T12:27:51.000Z,2020-07-26
sentinel-s2-l1c,tiles/54/M/XC/2020/7/26/0/productInfo.json,1035,2020-07-26T12:25:16.000Z,2020-07-26
sentinel-s2-l1c,tiles/54/M/XD/2020/7/26/0/productInfo.json,1035,2020-07-26T12:48:15.000Z,2020-07-26
sentinel-s2-l1c,tiles/54/M/XE/2020/7/26/0/productInfo.json,1035,2020-07-26T12:48:37.000Z,2020-07-26
sentinel-s2-l1c,tiles/54/M/XS/2020/7/26/0/productInfo.json,1035,2020-07-26T12:45:37.000Z,2020-07-26
sentinel-s2-l1c,tiles/54/M/XT/2020/7/26/0/productInfo.json,1031,2020-07-26T12:22:12.000Z,2020-07-26
sentinel-s2-l1c,tiles/54/M/XU/2020/7/26/0/productInfo.json,1035,2020-07-26T12:47:11.000Z,2020-07-26
sentinel-s2-l1c,tiles/54/M/XV/2020/7/26/0/productInfo.json,1035,2020-07-26T12:21:54.000Z,2020-07-26
sentinel-s2-l1c,tiles/54/M/YA/2020/7/26/0/productInfo.json,1035,2020-07-26T12:24:23.000Z,2020-07-26
sentinel-s2-l1c,tiles/54/M/YB/2020/7/26/0/productInfo.json,1035,2020-07-26T12:46:46.000Z,2020-07-26
sentinel-s2-l1c,tiles/54/M/YC/2020/7/26/0/productInfo.json,1035,2020-07-26T12:47:31.000Z,2020-07-26
sentinel-s2-l1c,tiles/54/M/YD/2020/7/26/0/productInfo.json,1035,2020-07-26T12:23:43.000Z,2020-07-26
sentinel-s2-l1c,tiles/54/M/YE/2020/7/26/0/productInfo.json,1035,2020-07-26T12:25:39.000Z,2020-07-26
sentinel-s2-l1c,tiles/54/M/YS/2020/7/26/0/productInfo.json,1035,2020-07-26T12:49:41.000Z,2020-07-26
sentinel-s2-l1c,tiles/54/M/YT/2020/7/26/0/productInfo.json,1035,2020-07-26T12:25:49.000Z,2020-07-26
sentinel-s2-l1c,tiles/54/M/YU/2020/7/26/0/productInfo.json,1035,2020-07-26T12:29:05.000Z,2020-07-26
sentinel-s2-l1c,tiles/54/M/YV/2020/7/26/0/productInfo.json,1035,2020-07-26T12:26:50.000Z,2020-07-26
sentinel-s2-l1c,tiles/54/M/ZA/2020/7/26/0/productInfo.json,1035,2020-07-26T12:26:59.000Z,2020-07-26
sentinel-s2-l1c,tiles/54/M/ZB/2020/7/26/0/productInfo.json,1035,2020-07-26T12:26:26.000Z,2020-07-26
sentinel-s2-l1c,tiles/54/M/ZC/2020/7/26/0/productInfo.json,1035,2020-07-26T12:49:06.000Z,2020-07-26
sentinel-s2-l1c,tiles/54/M/ZD/2020/7/26/0/productInfo.json,1035,2020-07-26T12:48:53.000Z,2020-07-26
sentinel-s2-l1c,tiles/54/M/ZE/2020/7/26/0/productInfo.json,1035,2020-07-26T12:49:21.000Z,2020-07-26
sentinel-s2-l1c,tiles/54/S/TA/2020/7/26/0/productInfo.json,1035,2020-07-26T13:19:13.000Z,2020-07-26
sentinel-s2-l1c,tiles/54/S/TB/2020/7/26/0/productInfo.json,1035,2020-07-26T13:19:36.000Z,2020-07-26
sentinel-s2-l1c,tiles/54/S/TC/2020/7/26/0/productInfo.json,1035,2020-07-26T13:19:41.000Z,2020-07-26
sentinel-s2-l1c,tiles/54/S/TD/2020/7/26/0/productInfo.json,1035,2020-07-26T13:16:24.000Z,2020-07-26
sentinel-s2-l1c,tiles/54/S/TE/2020/7/26/0/productInfo.json,1035,2020-07-26T13:20:45.000Z,2020-07-26
sentinel-s2-l1c,tiles/54/S/TF/2020/7/26/0/productInfo.json,1035,2020-07-26T13:21:06.000Z,2020-07-26
sentinel-s2-l1c,tiles/54/S/TG/2020/7/26/0/productInfo.json,1035,2020-07-26T13:19:49.000Z,2020-07-26
sentinel-s2-l1c,tiles/54/S/TH/2020/7/26/0/productInfo.json,1035,2020-07-26T13:12:29.000Z,2020-07-26
sentinel-s2-l1c,tiles/54/S/TJ/2020/7/26/0/productInfo.json,1035,2020-07-26T13:11:49.000Z,2020-07-26
sentinel-s2-l1c,tiles/54/S/UA/2020/7/26/0/productInfo.json,1035,2020-07-26T13:18:46.000Z,2020-07-26
sentinel-s2-l1c,tiles/54/S/UB/2020/7/26/0/productInfo.json,1035,2020-07-26T13:41:56.000Z,2020-07-26
sentinel-s2-l1c,tiles/54/S/UC/2020/7/26/0/productInfo.json,1035,2020-07-26T13:15:06.000Z,2020-07-26
sentinel-s2-l1c,tiles/54/S/UD/2020/7/26/0/productInfo.json,1035,2020-07-26T13:42:46.000Z,2020-07-26
sentinel-s2-l1c,tiles/54/S/UE/2020/7/26/0/productInfo.json,1035,2020-07-26T13:14:41.000Z,2020-07-26
sentinel-s2-l1c,tiles/54/S/UF/2020/7/26/0/productInfo.json,1035,2020-07-26T13:14:34.000Z,2020-07-26
sentinel-s2-l1c,tiles/54/S/UG/2020/7/26/0/productInfo.json,1035,2020-07-26T13:48:10.000Z,2020-07-26
sentinel-s2-l1c,tiles/54/S/UH/2020/7/26/0/productInfo.json,1035,2020-07-26T13:45:29.000Z,2020-07-26
sentinel-s2-l1c,tiles/54/S/UJ/2020/7/26/0/productInfo.json,1035,2020-07-26T13:43:01.000Z,2020-07-26
sentinel-s2-l1c,tiles/54/S/VA/2020/7/26/0/productInfo.json,1035,2020-07-26T13:11:36.000Z,2020-07-26
sentinel-s2-l1c,tiles/54/S/VB/2020/7/26/0/productInfo.json,1035,2020-07-26T13:39:35.000Z,2020-07-26
sentinel-s2-l1c,tiles/54/S/VC/2020/7/26/0/productInfo.json,1035,2020-07-26T13:46:42.000Z,2020-07-26
sentinel-s2-l1c,tiles/54/S/VD/2020/7/26/0/productInfo.json,1035,2020-07-26T13:40:45.000Z,2020-07-26
sentinel-s2-l1c,tiles/54/S/VE/2020/7/26/0/productInfo.json,1035,2020-07-26T13:14:17.000Z,2020-07-26
sentinel-s2-l1c,tiles/54/S/VF/2020/7/26/0/productInfo.json,1035,2020-07-26T13:44:56.000Z,2020-07-26
sentinel-s2-l1c,tiles/54/S/VG/2020/7/26/0/productInfo.json,1035,2020-07-26T13:17:06.000Z,2020-07-26
sentinel-s2-l1c,tiles/54/S/VH/2020/7/26/0/productInfo.json,1035,2020-07-26T13:40:45.000Z,2020-07-26
sentinel-s2-l1c,tiles/54/S/VJ/2020/7/26/0/productInfo.json,1035,2020-07-26T13:47:05.000Z,2020-07-26
sentinel-s2-l1c,tiles/54/S/WE/2020/7/26/0/productInfo.json,1035,2020-07-26T13:45:33.000Z,2020-07-26
sentinel-s2-l1c,tiles/54/S/WF/2020/7/26/0/productInfo.json,1035,2020-07-26T13:17:01.000Z,2020-07-26
sentinel-s2-l1c,tiles/54/S/WG/2020/7/26/0/productInfo.json,1035,2020-07-26T13:17:18.000Z,2020-07-26
sentinel-s2-l1c,tiles/54/S/WH/2020/7/26/0/productInfo.json,1035,2020-07-26T13:42:41.000Z,2020-07-26
sentinel-s2-l1c,tiles/54/S/WJ/2020/7/26/0/productInfo.json,1035,2020-07-26T13:41:29.000Z,2020-07-26
sentinel-s2-l1c,tiles/54/S/XJ/2020/7/26/0/productInfo.json,1035,2020-07-26T13:18:53.000Z,2020-07-26
sentinel-s2-l1c,tiles/54/T/UK/2020/7/26/0/productInfo.json,1035,2020-07-26T13:13:24.000Z,2020-07-26
sentinel-s2-l1c,tiles/54/T/UL/2020/7/26/0/productInfo.json,1035,2020-07-26T13:45:42.000Z,2020-07-26
sentinel-s2-l1c,tiles/54/T/UM/2020/7/26/0/productInfo.json,1035,2020-07-26T13:17:46.000Z,2020-07-26
sentinel-s2-l1c,tiles/37/V/DG/2020/7/26/0/productInfo.json,1035,2020-07-26T22:32:47.000Z,2020-07-26
sentinel-s2-l1c,tiles/37/V/DH/2020/7/26/0/productInfo.json,1035,2020-07-26T22:38:20.000Z,2020-07-26
sentinel-s2-l1c,tiles/37/V/DJ/2020/7/26/0/productInfo.json,1035,2020-07-26T22:33:16.000Z,2020-07-26
sentinel-s2-l1c,tiles/37/V/DK/2020/7/26/0/productInfo.json,1035,2020-07-26T22:37:49.000Z,2020-07-26
sentinel-s2-l1c,tiles/37/V/DL/2020/7/26/0/productInfo.json,1035,2020-07-26T22:37:19.000Z,2020-07-26
sentinel-s2-l1c,tiles/37/V/EF/2020/7/26/0/productInfo.json,1035,2020-07-26T22:32:39.000Z,2020-07-26
sentinel-s2-l1c,tiles/37/V/EG/2020/7/26/0/productInfo.json,1035,2020-07-26T22:32:02.000Z,2020-07-26
sentinel-s2-l1c,tiles/37/V/EH/2020/7/26/0/productInfo.json,1035,2020-07-26T22:35:10.000Z,2020-07-26
sentinel-s2-l1c,tiles/37/V/EJ/2020/7/26/0/productInfo.json,1035,2020-07-26T22:31:38.000Z,2020-07-26
sentinel-s2-l1c,tiles/37/V/EK/2020/7/26/0/productInfo.json,1035,2020-07-26T22:35:54.000Z,2020-07-26
sentinel-s2-l1c,tiles/37/V/EL/2020/7/26/0/productInfo.json,1035,2020-07-26T22:36:39.000Z,2020-07-26
sentinel-s2-l1c,tiles/37/V/FJ/2020/7/26/0/productInfo.json,1035,2020-07-26T22:33:19.000Z,2020-07-26
sentinel-s2-l1c,tiles/37/V/FK/2020/7/26/0/productInfo.json,1035,2020-07-26T22:30:10.000Z,2020-07-26
sentinel-s2-l1c,tiles/37/V/FL/2020/7/26/0/productInfo.json,1035,2020-07-26T22:37:23.000Z,2020-07-26
sentinel-s2-l1c,tiles/46/U/GV/2020/7/26/0/productInfo.json,1035,2020-07-26T17:45:52.000Z,2020-07-26
sentinel-s2-l1c,tiles/46/V/CM/2020/7/26/0/productInfo.json,1035,2020-07-26T16:30:15.000Z,2020-07-26
sentinel-s2-l1c,tiles/46/V/CM/2020/7/26/1/productInfo.json,1035,2020-07-26T17:01:16.000Z,2020-07-26
sentinel-s2-l1c,tiles/46/V/CN/2020/7/26/0/productInfo.json,1035,2020-07-26T16:25:20.000Z,2020-07-26
sentinel-s2-l1c,tiles/46/V/CN/2020/7/26/1/productInfo.json,1035,2020-07-26T17:02:41.000Z,2020-07-26
sentinel-s2-l1c,tiles/46/V/CP/2020/7/26/0/productInfo.json,1035,2020-07-26T16:26:33.000Z,2020-07-26
sentinel-s2-l1c,tiles/46/V/CP/2020/7/26/1/productInfo.json,1035,2020-07-26T16:55:13.000Z,2020-07-26
sentinel-s2-l1c,tiles/46/V/CQ/2020/7/26/0/productInfo.json,1035,2020-07-26T16:26:47.000Z,2020-07-26
sentinel-s2-l1c,tiles/46/V/CQ/2020/7/26/1/productInfo.json,1035,2020-07-26T16:54:32.000Z,2020-07-26
sentinel-s2-l1c,tiles/46/V/CR/2020/7/26/0/productInfo.json,1035,2020-07-26T16:23:57.000Z,2020-07-26
sentinel-s2-l1c,tiles/46/V/CR/2020/7/26/1/productInfo.json,1035,2020-07-26T16:57:45.000Z,2020-07-26
sentinel-s2-l1c,tiles/46/V/DP/2020/7/26/0/productInfo.json,1035,2020-07-26T16:19:52.000Z,2020-07-26
sentinel-s2-l1c,tiles/46/V/DP/2020/7/26/1/productInfo.json,1035,2020-07-26T16:56:17.000Z,2020-07-26
sentinel-s2-l1c,tiles/46/V/DQ/2020/7/26/0/productInfo.json,1035,2020-07-26T16:29:31.000Z,2020-07-26
sentinel-s2-l1c,tiles/46/V/DQ/2020/7/26/1/productInfo.json,1035,2020-07-26T17:02:38.000Z,2020-07-26
sentinel-s2-l1c,tiles/46/V/DR/2020/7/26/0/productInfo.json,1035,2020-07-26T16:27:21.000Z,2020-07-26
sentinel-s2-l1c,tiles/46/V/DR/2020/7/26/1/productInfo.json,1035,2020-07-26T16:53:22.000Z,2020-07-26
sentinel-s2-l1c,tiles/46/V/ER/2020/7/26/0/productInfo.json,1035,2020-07-26T15:51:56.000Z,2020-07-26
sentinel-s2-l1c,tiles/46/V/ER/2020/7/26/1/productInfo.json,1035,2020-07-26T16:54:45.000Z,2020-07-26
sentinel-s2-l1c,tiles/46/V/FH/2020/7/26/0/productInfo.json,1035,2020-07-26T17:40:47.000Z,2020-07-26
sentinel-s2-l1c,tiles/46/V/FJ/2020/7/26/0/productInfo.json,1035,2020-07-26T17:15:33.000Z,2020-07-26
sentinel-s2-l1c,tiles/46/V/FK/2020/7/26/0/productInfo.json,1035,2020-07-26T17:43:04.000Z,2020-07-26
sentinel-s2-l1c,tiles/46/V/FL/2020/7/26/0/productInfo.json,1035,2020-07-26T17:38:53.000Z,2020-07-26
sentinel-s2-l1c,tiles/46/V/FM/2020/7/26/0/productInfo.json,1035,2020-07-26T18:13:55.000Z,2020-07-26
sentinel-s2-l1c,tiles/46/W/DA/2020/7/26/0/productInfo.json,1035,2020-07-26T16:25:35.000Z,2020-07-26
sentinel-s2-l1c,tiles/46/W/DA/2020/7/26/1/productInfo.json,1035,2020-07-26T16:54:30.000Z,2020-07-26
sentinel-s2-l1c,tiles/46/W/DB/2020/7/26/0/productInfo.json,1035,2020-07-26T16:25:21.000Z,2020-07-26
sentinel-s2-l1c,tiles/46/W/DB/2020/7/26/1/productInfo.json,1035,2020-07-26T16:54:26.000Z,2020-07-26
sentinel-s2-l1c,tiles/46/W/DC/2020/7/26/0/productInfo.json,1035,2020-07-26T16:25:58.000Z,2020-07-26
sentinel-s2-l1c,tiles/46/W/DC/2020/7/26/1/productInfo.json,1035,2020-07-26T16:53:32.000Z,2020-07-26
sentinel-s2-l1c,tiles/46/W/DD/2020/7/26/0/productInfo.json,1035,2020-07-26T18:06:15.000Z,2020-07-26
sentinel-s2-l1c,tiles/46/W/DD/2020/7/26/1/productInfo.json,1035,2020-07-26T18:06:53.000Z,2020-07-26
sentinel-s2-l1c,tiles/46/W/DE/2020/7/26/0/productInfo.json,1035,2020-07-26T18:10:39.000Z,2020-07-26
sentinel-s2-l1c,tiles/46/W/DE/2020/7/26/1/productInfo.json,1035,2020-07-26T18:29:38.000Z,2020-07-26
sentinel-s2-l1c,tiles/46/W/DS/2020/7/26/0/productInfo.json,1035,2020-07-26T16:22:07.000Z,2020-07-26
sentinel-s2-l1c,tiles/46/W/DS/2020/7/26/1/productInfo.json,1035,2020-07-26T16:54:04.000Z,2020-07-26
sentinel-s2-l1c,tiles/46/W/DT/2020/7/26/0/productInfo.json,1035,2020-07-26T16:21:38.000Z,2020-07-26
sentinel-s2-l1c,tiles/46/W/DT/2020/7/26/1/productInfo.json,1035,2020-07-26T16:58:37.000Z,2020-07-26
sentinel-s2-l1c,tiles/46/W/DU/2020/7/26/0/productInfo.json,1035,2020-07-26T16:20:15.000Z,2020-07-26
sentinel-s2-l1c,tiles/46/W/DU/2020/7/26/1/productInfo.json,1035,2020-07-26T16:56:33.000Z,2020-07-26
sentinel-s2-l1c,tiles/46/W/DV/2020/7/26/0/productInfo.json,1035,2020-07-26T16:23:47.000Z,2020-07-26
sentinel-s2-l1c,tiles/46/W/DV/2020/7/26/1/productInfo.json,1035,2020-07-26T16:58:27.000Z,2020-07-26
sentinel-s2-l1c,tiles/46/W/EA/2020/7/26/0/productInfo.json,1035,2020-07-26T16:22:07.000Z,2020-07-26
sentinel-s2-l1c,tiles/46/W/EA/2020/7/26/1/productInfo.json,1035,2020-07-26T16:54:25.000Z,2020-07-26
sentinel-s2-l1c,tiles/46/W/EB/2020/7/26/0/productInfo.json,1035,2020-07-26T16:21:41.000Z,2020-07-26
sentinel-s2-l1c,tiles/46/W/EB/2020/7/26/1/productInfo.json,1035,2020-07-26T16:54:26.000Z,2020-07-26
sentinel-s2-l1c,tiles/46/W/EC/2020/7/26/0/productInfo.json,1035,2020-07-26T16:21:11.000Z,2020-07-26
sentinel-s2-l1c,tiles/46/W/EC/2020/7/26/1/productInfo.json,1035,2020-07-26T16:53:28.000Z,2020-07-26
sentinel-s2-l1c,tiles/46/W/ED/2020/7/26/0/productInfo.json,1035,2020-07-26T16:21:37.000Z,2020-07-26
sentinel-s2-l1c,tiles/46/W/ED/2020/7/26/1/productInfo.json,1035,2020-07-26T16:53:40.000Z,2020-07-26
sentinel-s2-l1c,tiles/46/W/EE/2020/7/26/0/productInfo.json,1035,2020-07-26T15:52:56.000Z,2020-07-26
sentinel-s2-l1c,tiles/46/W/EE/2020/7/26/1/productInfo.json,1035,2020-07-26T16:56:46.000Z,2020-07-26
sentinel-s2-l1c,tiles/46/W/EE/2020/7/26/2/productInfo.json,1035,2020-07-26T18:06:14.000Z,2020-07-26
sentinel-s2-l1c,tiles/46/W/EE/2020/7/26/3/productInfo.json,1035,2020-07-26T18:06:46.000Z,2020-07-26
sentinel-s2-l1c,tiles/46/W/ES/2020/7/26/0/productInfo.json,1035,2020-07-26T16:24:43.000Z,2020-07-26
sentinel-s2-l1c,tiles/46/W/ES/2020/7/26/1/productInfo.json,1035,2020-07-26T16:54:53.000Z,2020-07-26
sentinel-s2-l1c,tiles/46/W/ET/2020/7/26/0/productInfo.json,1035,2020-07-26T16:20:52.000Z,2020-07-26
sentinel-s2-l1c,tiles/46/W/ET/2020/7/26/1/productInfo.json,1035,2020-07-26T16:59:02.000Z,2020-07-26
sentinel-s2-l1c,tiles/31/T/BE/2020/7/26/0/productInfo.json,1035,2020-07-27T01:36:58.000Z,2020-07-26
sentinel-s2-l1c,tiles/31/T/CE/2020/7/26/0/productInfo.json,1035,2020-07-27T01:34:54.000Z,2020-07-26
sentinel-s2-l1c,tiles/31/T/CF/2020/7/26/0/productInfo.json,1035,2020-07-27T02:02:50.000Z,2020-07-26
sentinel-s2-l1c,tiles/31/T/CG/2020/7/26/0/productInfo.json,1035,2020-07-27T01:35:28.000Z,2020-07-26
sentinel-s2-l1c,tiles/31/T/CH/2020/7/26/0/productInfo.json,1035,2020-07-27T01:35:59.000Z,2020-07-26
sentinel-s2-l1c,tiles/31/T/CJ/2020/7/26/0/productInfo.json,1035,2020-07-27T01:36:25.000Z,2020-07-26
sentinel-s2-l1c,tiles/31/T/DE/2020/7/26/0/productInfo.json,1035,2020-07-27T02:03:14.000Z,2020-07-26
sentinel-s2-l1c,tiles/31/T/DF/2020/7/26/0/productInfo.json,1035,2020-07-27T01:35:28.000Z,2020-07-26
sentinel-s2-l1c,tiles/31/T/DG/2020/7/26/0/productInfo.json,1035,2020-07-27T02:05:31.000Z,2020-07-26
sentinel-s2-l1c,tiles/31/T/DH/2020/7/26/0/productInfo.json,1035,2020-07-27T02:03:13.000Z,2020-07-26
sentinel-s2-l1c,tiles/31/T/DJ/2020/7/26/0/productInfo.json,1035,2020-07-27T02:04:37.000Z,2020-07-26
sentinel-s2-l1c,tiles/31/T/DK/2020/7/26/0/productInfo.json,1035,2020-07-27T02:03:45.000Z,2020-07-26
sentinel-s2-l1c,tiles/31/T/DL/2020/7/26/0/productInfo.json,1035,2020-07-27T01:59:03.000Z,2020-07-26
sentinel-s2-l1c,tiles/31/T/DM/2020/7/26/0/productInfo.json,1035,2020-07-27T02:01:04.000Z,2020-07-26
sentinel-s2-l1c,tiles/31/T/DN/2020/7/26/0/productInfo.json,1035,2020-07-27T02:03:12.000Z,2020-07-26
sentinel-s2-l1c,tiles/31/T/EE/2020/7/26/0/productInfo.json,1035,2020-07-27T02:04:19.000Z,2020-07-26
sentinel-s2-l1c,tiles/31/T/EF/2020/7/26/0/productInfo.json,1035,2020-07-27T01:59:33.000Z,2020-07-26
sentinel-s2-l1c,tiles/31/T/EG/2020/7/26/0/productInfo.json,1035,2020-07-27T02:02:23.000Z,2020-07-26
sentinel-s2-l1c,tiles/31/T/EH/2020/7/26/0/productInfo.json,1035,2020-07-27T01:58:43.000Z,2020-07-26
sentinel-s2-l1c,tiles/31/T/EJ/2020/7/26/0/productInfo.json,1035,2020-07-27T02:01:44.000Z,2020-07-26
sentinel-s2-l1c,tiles/31/T/EK/2020/7/26/0/productInfo.json,1035,2020-07-27T02:01:42.000Z,2020-07-26
sentinel-s2-l1c,tiles/31/T/EL/2020/7/26/0/productInfo.json,1035,2020-07-27T02:04:57.000Z,2020-07-26
sentinel-s2-l1c,tiles/31/T/EM/2020/7/26/0/productInfo.json,1035,2020-07-27T02:04:13.000Z,2020-07-26
sentinel-s2-l1c,tiles/31/T/EN/2020/7/26/0/productInfo.json,1035,2020-07-27T02:03:12.000Z,2020-07-26
sentinel-s2-l1c,tiles/31/T/FE/2020/7/26/0/productInfo.json,1035,2020-07-27T02:01:51.000Z,2020-07-26
sentinel-s2-l1c,tiles/31/T/FF/2020/7/26/0/productInfo.json,1035,2020-07-27T02:01:36.000Z,2020-07-26
sentinel-s2-l1c,tiles/31/T/FG/2020/7/26/0/productInfo.json,1035,2020-07-27T02:01:24.000Z,2020-07-26
sentinel-s2-l1c,tiles/31/T/FH/2020/7/26/0/productInfo.json,1035,2020-07-27T02:00:25.000Z,2020-07-26
sentinel-s2-l1c,tiles/31/T/FJ/2020/7/26/0/productInfo.json,1035,2020-07-27T02:05:13.000Z,2020-07-26
sentinel-s2-l1c,tiles/31/T/FK/2020/7/26/0/productInfo.json,1035,2020-07-27T02:03:51.000Z,2020-07-26
sentinel-s2-l1c,tiles/31/T/FL/2020/7/26/0/productInfo.json,1035,2020-07-27T02:01:08.000Z,2020-07-26
sentinel-s2-l1c,tiles/31/T/FM/2020/7/26/0/productInfo.json,1035,2020-07-27T02:02:39.000Z,2020-07-26
sentinel-s2-l1c,tiles/31/T/FN/2020/7/26/0/productInfo.json,1035,2020-07-27T02:00:01.000Z,2020-07-26
sentinel-s2-l1c,tiles/31/T/GJ/2020/7/26/0/productInfo.json,1035,2020-07-27T02:02:02.000Z,2020-07-26
sentinel-s2-l1c,tiles/31/T/GK/2020/7/26/0/productInfo.json,1035,2020-07-27T02:01:55.000Z,2020-07-26
sentinel-s2-l1c,tiles/31/T/GL/2020/7/26/0/productInfo.json,1035,2020-07-27T02:00:43.000Z,2020-07-26
sentinel-s2-l1c,tiles/31/T/GM/2020/7/26/0/productInfo.json,1035,2020-07-27T01:59:45.000Z,2020-07-26
sentinel-s2-l1c,tiles/31/T/GN/2020/7/26/0/productInfo.json,1035,2020-07-27T01:59:23.000Z,2020-07-26
sentinel-s2-l1c,tiles/30/R/VP/2020/7/26/0/productInfo.json,1035,2020-07-27T03:09:56.000Z,2020-07-26
sentinel-s2-l1c,tiles/30/R/VQ/2020/7/26/0/productInfo.json,1035,2020-07-27T03:12:18.000Z,2020-07-26
sentinel-s2-l1c,tiles/30/R/VR/2020/7/26/0/productInfo.json,1035,2020-07-27T03:10:50.000Z,2020-07-26
sentinel-s2-l1c,tiles/30/R/WN/2020/7/26/0/productInfo.json,1035,2020-07-27T03:14:11.000Z,2020-07-26
sentinel-s2-l1c,tiles/30/R/WP/2020/7/26/0/productInfo.json,1035,2020-07-27T03:13:45.000Z,2020-07-26
sentinel-s2-l1c,tiles/30/R/WQ/2020/7/26/0/productInfo.json,1035,2020-07-27T03:13:08.000Z,2020-07-26
sentinel-s2-l1c,tiles/30/R/WR/2020/7/26/0/productInfo.json,1035,2020-07-27T01:41:14.000Z,2020-07-26
sentinel-s2-l1c,tiles/30/R/WR/2020/7/26/1/productInfo.json,1035,2020-07-27T03:13:08.000Z,2020-07-26
sentinel-s2-l1c,tiles/30/R/WS/2020/7/26/0/productInfo.json,1035,2020-07-27T01:43:37.000Z,2020-07-26
sentinel-s2-l1c,tiles/30/R/WS/2020/7/26/1/productInfo.json,1035,2020-07-27T03:12:19.000Z,2020-07-26
sentinel-s2-l1c,tiles/30/R/WT/2020/7/26/0/productInfo.json,1035,2020-07-27T01:40:16.000Z,2020-07-26
sentinel-s2-l1c,tiles/30/R/WU/2020/7/26/0/productInfo.json,1035,2020-07-27T01:32:11.000Z,2020-07-26
sentinel-s2-l1c,tiles/30/R/WV/2020/7/26/0/productInfo.json,1035,2020-07-27T01:32:45.000Z,2020-07-26
sentinel-s2-l1c,tiles/30/R/XN/2020/7/26/0/productInfo.json,1035,2020-07-27T03:14:49.000Z,2020-07-26
sentinel-s2-l1c,tiles/30/R/XP/2020/7/26/0/productInfo.json,1035,2020-07-27T03:16:42.000Z,2020-07-26
sentinel-s2-l1c,tiles/30/R/XQ/2020/7/26/0/productInfo.json,1035,2020-07-27T03:15:23.000Z,2020-07-26
sentinel-s2-l1c,tiles/30/R/XR/2020/7/26/0/productInfo.json,1035,2020-07-27T01:40:51.000Z,2020-07-26
sentinel-s2-l1c,tiles/30/R/XR/2020/7/26/1/productInfo.json,1035,2020-07-27T03:16:13.000Z,2020-07-26
sentinel-s2-l1c,tiles/30/R/XS/2020/7/26/0/productInfo.json,1035,2020-07-27T01:37:25.000Z,2020-07-26
sentinel-s2-l1c,tiles/30/R/XS/2020/7/26/1/productInfo.json,1035,2020-07-27T03:12:09.000Z,2020-07-26
sentinel-s2-l1c,tiles/30/R/XT/2020/7/26/0/productInfo.json,1035,2020-07-27T01:40:08.000Z,2020-07-26
sentinel-s2-l1c,tiles/30/R/XU/2020/7/26/0/productInfo.json,1035,2020-07-27T01:41:19.000Z,2020-07-26
sentinel-s2-l1c,tiles/30/R/XV/2020/7/26/0/productInfo.json,1035,2020-07-27T01:41:46.000Z,2020-07-26
sentinel-s2-l1c,tiles/30/R/YN/2020/7/26/0/productInfo.json,1035,2020-07-27T03:18:09.000Z,2020-07-26
sentinel-s2-l1c,tiles/30/R/YP/2020/7/26/0/productInfo.json,1035,2020-07-27T03:17:52.000Z,2020-07-26
sentinel-s2-l1c,tiles/30/R/YQ/2020/7/26/0/productInfo.json,1035,2020-07-27T03:17:15.000Z,2020-07-26
sentinel-s2-l1c,tiles/30/R/YR/2020/7/26/0/productInfo.json,1035,2020-07-27T01:44:12.000Z,2020-07-26
sentinel-s2-l1c,tiles/30/R/YR/2020/7/26/1/productInfo.json,1035,2020-07-27T03:13:42.000Z,2020-07-26
sentinel-s2-l1c,tiles/30/R/YS/2020/7/26/0/productInfo.json,1035,2020-07-27T01:38:23.000Z,2020-07-26
sentinel-s2-l1c,tiles/30/R/YT/2020/7/26/0/productInfo.json,1035,2020-07-27T01:34:54.000Z,2020-07-26
sentinel-s2-l1c,tiles/30/R/YU/2020/7/26/0/productInfo.json,1035,2020-07-27T01:40:52.000Z,2020-07-26
sentinel-s2-l1c,tiles/30/R/YV/2020/7/26/0/productInfo.json,1035,2020-07-27T01:34:47.000Z,2020-07-26
sentinel-s2-l1c,tiles/30/S/XA/2020/7/26/0/productInfo.json,1035,2020-07-27T01:39:03.000Z,2020-07-26
sentinel-s2-l1c,tiles/30/S/XB/2020/7/26/0/productInfo.json,1035,2020-07-27T01:33:15.000Z,2020-07-26
sentinel-s2-l1c,tiles/30/S/XC/2020/7/26/0/productInfo.json,1035,2020-07-27T01:43:53.000Z,2020-07-26
sentinel-s2-l1c,tiles/30/S/XD/2020/7/26/0/productInfo.json,1035,2020-07-27T01:35:46.000Z,2020-07-26
sentinel-s2-l1c,tiles/31/U/EP/2020/7/26/0/productInfo.json,1035,2020-07-27T02:02:31.000Z,2020-07-26
sentinel-s2-l1c,tiles/31/U/EQ/2020/7/26/0/productInfo.json,1035,2020-07-27T01:59:46.000Z,2020-07-26
sentinel-s2-l1c,tiles/31/U/ER/2020/7/26/0/productInfo.json,1035,2020-07-27T02:00:26.000Z,2020-07-26
sentinel-s2-l1c,tiles/31/U/ES/2020/7/26/0/productInfo.json,1035,2020-07-27T02:00:34.000Z,2020-07-26
sentinel-s2-l1c,tiles/31/U/FA/2020/7/26/0/productInfo.json,1035,2020-07-27T01:58:31.000Z,2020-07-26
sentinel-s2-l1c,tiles/31/U/FB/2020/7/26/0/productInfo.json,1035,2020-07-27T02:00:35.000Z,2020-07-26
sentinel-s2-l1c,tiles/31/U/FP/2020/7/26/0/productInfo.json,1035,2020-07-27T01:58:49.000Z,2020-07-26
sentinel-s2-l1c,tiles/31/U/FQ/2020/7/26/0/productInfo.json,1035,2020-07-27T02:02:31.000Z,2020-07-26
sentinel-s2-l1c,tiles/31/U/FR/2020/7/26/0/productInfo.json,1035,2020-07-27T01:58:50.000Z,2020-07-26
sentinel-s2-l1c,tiles/31/U/FS/2020/7/26/0/productInfo.json,1035,2020-07-27T02:02:32.000Z,2020-07-26
sentinel-s2-l1c,tiles/31/U/FT/2020/7/26/0/productInfo.json,1035,2020-07-27T02:01:06.000Z,2020-07-26
sentinel-s2-l1c,tiles/31/U/FU/2020/7/26/0/productInfo.json,1035,2020-07-27T01:59:53.000Z,2020-07-26
sentinel-s2-l1c,tiles/31/U/FV/2020/7/26/0/productInfo.json,1035,2020-07-27T02:00:21.000Z,2020-07-26
sentinel-s2-l1c,tiles/31/U/GP/2020/7/26/0/productInfo.json,1035,2020-07-27T01:59:22.000Z,2020-07-26
sentinel-s2-l1c,tiles/31/U/GQ/2020/7/26/0/productInfo.json,1035,2020-07-27T01:59:48.000Z,2020-07-26
sentinel-s2-l1c,tiles/31/U/GR/2020/7/26/0/productInfo.json,1035,2020-07-27T02:00:07.000Z,2020-07-26
sentinel-s2-l1c,tiles/31/U/GS/2020/7/26/0/productInfo.json,1035,2020-07-27T02:02:30.000Z,2020-07-26
sentinel-s2-l1c,tiles/31/U/GT/2020/7/26/0/productInfo.json,1035,2020-07-27T02:02:31.000Z,2020-07-26
sentinel-s2-l1c,tiles/31/U/GU/2020/7/26/0/productInfo.json,1035,2020-07-27T02:02:31.000Z,2020-07-26
sentinel-s2-l1c,tiles/31/U/GV/2020/7/26/0/productInfo.json,1035,2020-07-27T02:01:28.000Z,2020-07-26
sentinel-s2-l1c,tiles/35/S/KA/2020/7/26/0/productInfo.json,1035,2020-07-26T22:55:39.000Z,2020-07-26
sentinel-s2-l1c,tiles/35/S/KR/2020/7/26/0/productInfo.json,1035,2020-07-26T23:01:21.000Z,2020-07-26
sentinel-s2-l1c,tiles/35/S/KS/2020/7/26/0/productInfo.json,1035,2020-07-26T23:01:31.000Z,2020-07-26
sentinel-s2-l1c,tiles/35/S/KT/2020/7/26/0/productInfo.json,1035,2020-07-26T22:59:34.000Z,2020-07-26
sentinel-s2-l1c,tiles/35/S/KU/2020/7/26/0/productInfo.json,1035,2020-07-26T22:59:38.000Z,2020-07-26
sentinel-s2-l1c,tiles/35/S/KV/2020/7/26/0/productInfo.json,1035,2020-07-26T23:01:50.000Z,2020-07-26
sentinel-s2-l1c,tiles/35/S/LA/2020/7/26/0/productInfo.json,1035,2020-07-26T23:03:04.000Z,2020-07-26
sentinel-s2-l1c,tiles/35/S/LB/2020/7/26/0/productInfo.json,1035,2020-07-26T22:58:27.000Z,2020-07-26
sentinel-s2-l1c,tiles/35/S/LC/2020/7/26/0/productInfo.json,1035,2020-07-26T22:58:55.000Z,2020-07-26
sentinel-s2-l1c,tiles/35/S/LD/2020/7/26/0/productInfo.json,1035,2020-07-26T23:01:47.000Z,2020-07-26
sentinel-s2-l1c,tiles/35/S/LR/2020/7/26/0/productInfo.json,1035,2020-07-26T22:59:46.000Z,2020-07-26
sentinel-s2-l1c,tiles/35/S/LS/2020/7/26/0/productInfo.json,1035,2020-07-26T22:58:40.000Z,2020-07-26
sentinel-s2-l1c,tiles/35/S/LT/2020/7/26/0/productInfo.json,1035,2020-07-26T23:02:58.000Z,2020-07-26
sentinel-s2-l1c,tiles/35/S/LU/2020/7/26/0/productInfo.json,1035,2020-07-26T22:57:58.000Z,2020-07-26
sentinel-s2-l1c,tiles/35/S/LV/2020/7/26/0/productInfo.json,1035,2020-07-26T23:05:43.000Z,2020-07-26
sentinel-s2-l1c,tiles/35/S/MA/2020/7/26/0/productInfo.json,1035,2020-07-26T23:00:53.000Z,2020-07-26
sentinel-s2-l1c,tiles/35/S/MB/2020/7/26/0/productInfo.json,1035,2020-07-26T23:04:23.000Z,2020-07-26
sentinel-s2-l1c,tiles/35/S/MC/2020/7/26/0/productInfo.json,1035,2020-07-26T23:04:19.000Z,2020-07-26
sentinel-s2-l1c,tiles/35/S/MD/2020/7/26/0/productInfo.json,1035,2020-07-26T23:23:02.000Z,2020-07-26
sentinel-s2-l1c,tiles/35/S/MR/2020/7/26/0/productInfo.json,1035,2020-07-26T22:59:05.000Z,2020-07-26
sentinel-s2-l1c,tiles/35/S/MS/2020/7/26/0/productInfo.json,1035,2020-07-26T23:04:30.000Z,2020-07-26
sentinel-s2-l1c,tiles/35/S/MT/2020/7/26/0/productInfo.json,1035,2020-07-26T23:03:22.000Z,2020-07-26
sentinel-s2-l1c,tiles/35/S/MU/2020/7/26/0/productInfo.json,1035,2020-07-26T23:00:15.000Z,2020-07-26
sentinel-s2-l1c,tiles/35/S/MV/2020/7/26/0/productInfo.json,1035,2020-07-26T23:02:49.000Z,2020-07-26
sentinel-s2-l1c,tiles/35/S/NA/2020/7/26/0/productInfo.json,1035,2020-07-26T23:05:18.000Z,2020-07-26
sentinel-s2-l1c,tiles/35/S/NB/2020/7/26/0/productInfo.json,1035,2020-07-26T23:03:55.000Z,2020-07-26
sentinel-s2-l1c,tiles/35/S/NC/2020/7/26/0/productInfo.json,1035,2020-07-26T23:05:40.000Z,2020-07-26
sentinel-s2-l1c,tiles/35/S/ND/2020/7/26/0/productInfo.json,1035,2020-07-26T22:57:12.000Z,2020-07-26
sentinel-s2-l1c,tiles/35/S/NS/2020/7/26/0/productInfo.json,1035,2020-07-26T23:00:26.000Z,2020-07-26
sentinel-s2-l1c,tiles/35/S/NT/2020/7/26/0/productInfo.json,1035,2020-07-26T23:00:19.000Z,2020-07-26
sentinel-s2-l1c,tiles/35/S/NU/2020/7/26/0/productInfo.json,1035,2020-07-26T23:05:41.000Z,2020-07-26
sentinel-s2-l1c,tiles/35/S/NV/2020/7/26/0/productInfo.json,1035,2020-07-26T22:57:38.000Z,2020-07-26
sentinel-s2-l1c,tiles/35/S/PA/2020/7/26/0/productInfo.json,1035,2020-07-26T22:56:18.000Z,2020-07-26
sentinel-s2-l1c,tiles/35/S/PB/2020/7/26/0/productInfo.json,1035,2020-07-26T22:59:48.000Z,2020-07-26
sentinel-s2-l1c,tiles/35/S/PC/2020/7/26/0/productInfo.json,1035,2020-07-26T23:01:34.000Z,2020-07-26
sentinel-s2-l1c,tiles/35/S/PD/2020/7/26/0/productInfo.json,1035,2020-07-26T23:00:43.000Z,2020-07-26
sentinel-s2-l1c,tiles/35/T/LE/2020/7/26/0/productInfo.json,1035,2020-07-26T23:01:13.000Z,2020-07-26
sentinel-s2-l1c,tiles/35/T/ME/2020/7/26/0/productInfo.json,1035,2020-07-26T22:57:34.000Z,2020-07-26
sentinel-s2-l1c,tiles/47/R/PL/2020/7/26/0/productInfo.json,1035,2020-07-26T09:57:17.000Z,2020-07-26
sentinel-s2-l1c,tiles/47/R/PM/2020/7/26/0/productInfo.json,1035,2020-07-26T09:53:34.000Z,2020-07-26
sentinel-s2-l1c,tiles/47/R/PN/2020/7/26/0/productInfo.json,1035,2020-07-26T09:50:54.000Z,2020-07-26
sentinel-s2-l1c,tiles/47/R/PP/2020/7/26/0/productInfo.json,1035,2020-07-26T09:56:58.000Z,2020-07-26
sentinel-s2-l1c,tiles/47/R/PQ/2020/7/26/0/productInfo.json,1035,2020-07-26T09:46:46.000Z,2020-07-26
sentinel-s2-l1c,tiles/47/R/QM/2020/7/26/0/productInfo.json,1035,2020-07-26T09:54:46.000Z,2020-07-26
sentinel-s2-l1c,tiles/47/R/QN/2020/7/26/0/productInfo.json,1035,2020-07-26T09:57:43.000Z,2020-07-26
sentinel-s2-l1c,tiles/47/R/QP/2020/7/26/0/productInfo.json,1035,2020-07-26T09:53:52.000Z,2020-07-26
sentinel-s2-l1c,tiles/47/R/QQ/2020/7/26/0/productInfo.json,1035,2020-07-26T09:52:14.000Z,2020-07-26
sentinel-s2-l1c,tiles/47/S/MR/2020/7/26/0/productInfo.json,1035,2020-07-26T09:54:22.000Z,2020-07-26
sentinel-s2-l1c,tiles/47/S/NA/2020/7/26/0/productInfo.json,1035,2020-07-26T09:54:36.000Z,2020-07-26
sentinel-s2-l1c,tiles/47/S/NR/2020/7/26/0/productInfo.json,1035,2020-07-26T09:48:50.000Z,2020-07-26
sentinel-s2-l1c,tiles/47/S/NS/2020/7/26/0/productInfo.json,1035,2020-07-26T09:54:41.000Z,2020-07-26
sentinel-s2-l1c,tiles/47/S/NT/2020/7/26/0/productInfo.json,1035,2020-07-26T09:55:49.000Z,2020-07-26
sentinel-s2-l1c,tiles/47/S/NU/2020/7/26/0/productInfo.json,1035,2020-07-26T09:47:03.000Z,2020-07-26
sentinel-s2-l1c,tiles/47/S/NV/2020/7/26/0/productInfo.json,1035,2020-07-26T09:47:55.000Z,2020-07-26
sentinel-s2-l1c,tiles/47/S/PA/2020/7/26/0/productInfo.json,1035,2020-07-26T09:55:03.000Z,2020-07-26
sentinel-s2-l1c,tiles/47/S/PB/2020/7/26/0/productInfo.json,1035,2020-07-26T09:53:10.000Z,2020-07-26
sentinel-s2-l1c,tiles/47/S/PC/2020/7/26/0/productInfo.json,1035,2020-07-26T09:49:09.000Z,2020-07-26
sentinel-s2-l1c,tiles/47/S/PD/2020/7/26/0/productInfo.json,1035,2020-07-26T09:54:10.000Z,2020-07-26
sentinel-s2-l1c,tiles/47/S/PR/2020/7/26/0/productInfo.json,1035,2020-07-26T09:48:59.000Z,2020-07-26
sentinel-s2-l1c,tiles/47/S/PS/2020/7/26/0/productInfo.json,1035,2020-07-26T09:47:11.000Z,2020-07-26
sentinel-s2-l1c,tiles/47/S/PT/2020/7/26/0/productInfo.json,1035,2020-07-26T09:49:26.000Z,2020-07-26
sentinel-s2-l1c,tiles/47/S/PU/2020/7/26/0/productInfo.json,1035,2020-07-26T09:49:55.000Z,2020-07-26
sentinel-s2-l1c,tiles/47/S/PV/2020/7/26/0/productInfo.json,1035,2020-07-26T09:56:50.000Z,2020-07-26
sentinel-s2-l1c,tiles/47/S/QA/2020/7/26/0/productInfo.json,1035,2020-07-26T09:51:14.000Z,2020-07-26
sentinel-s2-l1c,tiles/47/S/QB/2020/7/26/0/productInfo.json,1035,2020-07-26T09:50:39.000Z,2020-07-26
sentinel-s2-l1c,tiles/47/S/QC/2020/7/26/0/productInfo.json,1035,2020-07-26T09:51:00.000Z,2020-07-26
sentinel-s2-l1c,tiles/47/S/QD/2020/7/26/0/productInfo.json,1035,2020-07-26T09:50:06.000Z,2020-07-26
sentinel-s2-l1c,tiles/47/S/QR/2020/7/26/0/productInfo.json,1035,2020-07-26T09:51:58.000Z,2020-07-26
sentinel-s2-l1c,tiles/47/S/QS/2020/7/26/0/productInfo.json,1035,2020-07-26T09:53:52.000Z,2020-07-26
sentinel-s2-l1c,tiles/47/S/QT/2020/7/26/0/productInfo.json,1035,2020-07-26T09:52:24.000Z,2020-07-26
sentinel-s2-l1c,tiles/47/S/QU/2020/7/26/0/productInfo.json,1035,2020-07-26T09:47:40.000Z,2020-07-26
sentinel-s2-l1c,tiles/47/S/QV/2020/7/26/0/productInfo.json,1035,2020-07-26T09:51:31.000Z,2020-07-26
sentinel-s2-l1c,tiles/32/N/KF/2020/7/26/0/productInfo.json,1035,2020-07-26T23:25:05.000Z,2020-07-26
sentinel-s2-l1c,tiles/32/N/KG/2020/7/26/0/productInfo.json,1035,2020-07-26T23:22:04.000Z,2020-07-26
sentinel-s2-l1c,tiles/32/N/KH/2020/7/26/0/productInfo.json,1035,2020-07-26T23:19:49.000Z,2020-07-26
sentinel-s2-l1c,tiles/32/N/KJ/2020/7/26/0/productInfo.json,1035,2020-07-26T23:24:52.000Z,2020-07-26
sentinel-s2-l1c,tiles/32/N/KK/2020/7/26/0/productInfo.json,1035,2020-07-26T23:25:18.000Z,2020-07-26
sentinel-s2-l1c,tiles/32/N/KL/2020/7/26/0/productInfo.json,1035,2020-07-26T23:26:41.000Z,2020-07-26
sentinel-s2-l1c,tiles/32/N/KM/2020/7/26/0/productInfo.json,1035,2020-07-26T23:27:27.000Z,2020-07-26
sentinel-s2-l1c,tiles/32/N/KN/2020/7/26/0/productInfo.json,1035,2020-07-26T23:22:44.000Z,2020-07-26
sentinel-s2-l1c,tiles/32/N/KP/2020/7/26/0/productInfo.json,1035,2020-07-26T23:26:49.000Z,2020-07-26
sentinel-s2-l1c,tiles/32/N/LL/2020/7/26/0/productInfo.json,1035,2020-07-26T23:19:51.000Z,2020-07-26
sentinel-s2-l1c,tiles/32/N/LM/2020/7/26/0/productInfo.json,1035,2020-07-26T23:19:50.000Z,2020-07-26
sentinel-s2-l1c,tiles/32/N/LN/2020/7/26/0/productInfo.json,1035,2020-07-26T23:22:43.000Z,2020-07-26
sentinel-s2-l1c,tiles/32/N/LP/2020/7/26/0/productInfo.json,1035,2020-07-26T23:21:37.000Z,2020-07-26
sentinel-s2-l1c,tiles/22/L/EH/2020/7/26/0/productInfo.json,1035,2020-07-27T03:34:04.000Z,2020-07-26
sentinel-s2-l1c,tiles/22/L/EJ/2020/7/26/0/productInfo.json,1035,2020-07-27T03:53:51.000Z,2020-07-26
sentinel-s2-l1c,tiles/22/L/EK/2020/7/26/0/productInfo.json,1035,2020-07-27T03:34:57.000Z,2020-07-26
sentinel-s2-l1c,tiles/22/L/FH/2020/7/26/0/productInfo.json,1035,2020-07-27T04:00:00.000Z,2020-07-26
sentinel-s2-l1c,tiles/22/L/FJ/2020/7/26/0/productInfo.json,1035,2020-07-27T03:55:38.000Z,2020-07-26
sentinel-s2-l1c,tiles/22/L/FK/2020/7/26/0/productInfo.json,1035,2020-07-27T03:31:09.000Z,2020-07-26
sentinel-s2-l1c,tiles/22/L/FL/2020/7/26/0/productInfo.json,1035,2020-07-27T04:01:23.000Z,2020-07-26
sentinel-s2-l1c,tiles/22/L/FM/2020/7/26/0/productInfo.json,1035,2020-07-27T03:55:25.000Z,2020-07-26
sentinel-s2-l1c,tiles/22/L/FN/2020/7/26/0/productInfo.json,1035,2020-07-27T03:55:01.000Z,2020-07-26
sentinel-s2-l1c,tiles/22/L/FP/2020/7/26/0/productInfo.json,1035,2020-07-27T03:28:42.000Z,2020-07-26
sentinel-s2-l1c,tiles/22/L/GH/2020/7/26/0/productInfo.json,1035,2020-07-27T03:33:01.000Z,2020-07-26
sentinel-s2-l1c,tiles/22/L/GJ/2020/7/26/0/productInfo.json,1035,2020-07-27T03:32:07.000Z,2020-07-26
sentinel-s2-l1c,tiles/22/L/GK/2020/7/26/0/productInfo.json,1035,2020-07-27T03:30:43.000Z,2020-07-26
sentinel-s2-l1c,tiles/22/L/GL/2020/7/26/0/productInfo.json,1035,2020-07-27T04:00:19.000Z,2020-07-26
sentinel-s2-l1c,tiles/22/L/GM/2020/7/26/0/productInfo.json,1035,2020-07-27T03:32:34.000Z,2020-07-26
sentinel-s2-l1c,tiles/22/L/GN/2020/7/26/0/productInfo.json,1035,2020-07-27T03:29:18.000Z,2020-07-26
sentinel-s2-l1c,tiles/22/L/GP/2020/7/26/0/productInfo.json,1035,2020-07-27T03:29:44.000Z,2020-07-26
sentinel-s2-l1c,tiles/22/L/GQ/2020/7/26/0/productInfo.json,1035,2020-07-27T03:54:36.000Z,2020-07-26
sentinel-s2-l1c,tiles/22/L/GR/2020/7/26/0/productInfo.json,1035,2020-07-27T04:01:05.000Z,2020-07-26
sentinel-s2-l1c,tiles/22/L/HH/2020/7/26/0/productInfo.json,1035,2020-07-27T04:04:32.000Z,2020-07-26
sentinel-s2-l1c,tiles/22/L/HJ/2020/7/26/0/productInfo.json,1035,2020-07-27T03:57:39.000Z,2020-07-26
sentinel-s2-l1c,tiles/22/L/HK/2020/7/26/0/productInfo.json,1035,2020-07-27T03:57:21.000Z,2020-07-26
sentinel-s2-l1c,tiles/22/L/HL/2020/7/26/0/productInfo.json,1035,2020-07-27T04:05:13.000Z,2020-07-26
sentinel-s2-l1c,tiles/22/L/HM/2020/7/26/0/productInfo.json,1035,2020-07-27T03:54:50.000Z,2020-07-26
sentinel-s2-l1c,tiles/22/L/HN/2020/7/26/0/productInfo.json,1035,2020-07-27T03:53:24.000Z,2020-07-26
sentinel-s2-l1c,tiles/22/L/HP/2020/7/26/0/productInfo.json,1035,2020-07-27T03:59:30.000Z,2020-07-26
sentinel-s2-l1c,tiles/22/L/HQ/2020/7/26/0/productInfo.json,1035,2020-07-27T04:05:52.000Z,2020-07-26
sentinel-s2-l1c,tiles/22/L/HR/2020/7/26/0/productInfo.json,1035,2020-07-27T03:58:42.000Z,2020-07-26
sentinel-s2-l1c,tiles/33/T/VG/2020/7/26/0/productInfo.json,1035,2020-07-27T00:38:00.000Z,2020-07-26
sentinel-s2-l1c,tiles/33/T/VH/2020/7/26/0/productInfo.json,1035,2020-07-27T00:28:58.000Z,2020-07-26
sentinel-s2-l1c,tiles/33/T/VJ/2020/7/26/0/productInfo.json,1035,2020-07-27T00:28:44.000Z,2020-07-26
sentinel-s2-l1c,tiles/33/T/VK/2020/7/26/0/productInfo.json,1035,2020-07-27T00:31:47.000Z,2020-07-26
sentinel-s2-l1c,tiles/33/T/VL/2020/7/26/0/productInfo.json,1035,2020-07-27T00:29:11.000Z,2020-07-26
sentinel-s2-l1c,tiles/33/T/WE/2020/7/26/0/productInfo.json,1035,2020-07-27T00:35:28.000Z,2020-07-26
sentinel-s2-l1c,tiles/33/T/WF/2020/7/26/0/productInfo.json,1035,2020-07-27T00:28:47.000Z,2020-07-26
sentinel-s2-l1c,tiles/33/T/WG/2020/7/26/0/productInfo.json,1035,2020-07-27T00:32:42.000Z,2020-07-26
sentinel-s2-l1c,tiles/33/T/WH/2020/7/26/0/productInfo.json,1035,2020-07-27T00:31:43.000Z,2020-07-26
sentinel-s2-l1c,tiles/33/T/WJ/2020/7/26/0/productInfo.json,1035,2020-07-27T00:32:14.000Z,2020-07-26
sentinel-s2-l1c,tiles/33/T/WK/2020/7/26/0/productInfo.json,1035,2020-07-27T00:30:56.000Z,2020-07-26
sentinel-s2-l1c,tiles/33/T/WL/2020/7/26/0/productInfo.json,1035,2020-07-27T00:32:39.000Z,2020-07-26
sentinel-s2-l1c,tiles/33/T/WM/2020/7/26/0/productInfo.json,1035,2020-07-27T00:28:00.000Z,2020-07-26
sentinel-s2-l1c,tiles/33/T/WN/2020/7/26/0/productInfo.json,1035,2020-07-27T00:34:08.000Z,2020-07-26
sentinel-s2-l1c,tiles/33/T/XE/2020/7/26/0/productInfo.json,1035,2020-07-27T00:29:20.000Z,2020-07-26
sentinel-s2-l1c,tiles/33/T/XF/2020/7/26/0/productInfo.json,1035,2020-07-27T00:28:37.000Z,2020-07-26
sentinel-s2-l1c,tiles/33/T/XG/2020/7/26/0/productInfo.json,1035,2020-07-27T00:31:07.000Z,2020-07-26
sentinel-s2-l1c,tiles/33/T/XH/2020/7/26/0/productInfo.json,1035,2020-07-27T00:32:47.000Z,2020-07-26
sentinel-s2-l1c,tiles/33/T/XJ/2020/7/26/0/productInfo.json,1035,2020-07-27T00:37:27.000Z,2020-07-26
sentinel-s2-l1c,tiles/33/T/XK/2020/7/26/0/productInfo.json,1035,2020-07-27T00:36:32.000Z,2020-07-26
sentinel-s2-l1c,tiles/33/T/XL/2020/7/26/0/productInfo.json,1035,2020-07-27T00:32:11.000Z,2020-07-26
sentinel-s2-l1c,tiles/33/T/XM/2020/7/26/0/productInfo.json,1035,2020-07-27T00:26:20.000Z,2020-07-26
sentinel-s2-l1c,tiles/33/T/XN/2020/7/26/0/productInfo.json,1035,2020-07-27T00:34:28.000Z,2020-07-26
sentinel-s2-l1c,tiles/33/T/YG/2020/7/26/0/productInfo.json,1035,2020-07-27T00:34:39.000Z,2020-07-26
sentinel-s2-l1c,tiles/33/T/YH/2020/7/26/0/productInfo.json,1035,2020-07-27T00:27:43.000Z,2020-07-26
sentinel-s2-l1c,tiles/33/T/YJ/2020/7/26/0/productInfo.json,1035,2020-07-27T00:32:45.000Z,2020-07-26
sentinel-s2-l1c,tiles/33/T/YK/2020/7/26/0/productInfo.json,1035,2020-07-27T00:35:17.000Z,2020-07-26
sentinel-s2-l1c,tiles/33/T/YL/2020/7/26/0/productInfo.json,1035,2020-07-27T00:33:51.000Z,2020-07-26
sentinel-s2-l1c,tiles/33/T/YM/2020/7/26/0/productInfo.json,1035,2020-07-27T00:32:18.000Z,2020-07-26
sentinel-s2-l1c,tiles/33/T/YN/2020/7/26/0/productInfo.json,1035,2020-07-27T00:34:37.000Z,2020-07-26
sentinel-s2-l1c,tiles/33/U/WP/2020/7/26/0/productInfo.json,1035,2020-07-27T00:32:54.000Z,2020-07-26
sentinel-s2-l1c,tiles/33/U/WQ/2020/7/26/0/productInfo.json,1035,2020-07-27T00:31:28.000Z,2020-07-26
sentinel-s2-l1c,tiles/19/X/DA/2020/7/26/0/productInfo.json,1035,2020-07-27T07:54:43.000Z,2020-07-26
sentinel-s2-l1c,tiles/19/X/DB/2020/7/26/0/productInfo.json,1035,2020-07-27T08:01:10.000Z,2020-07-26
sentinel-s2-l1c,tiles/19/X/DC/2020/7/26/0/productInfo.json,1035,2020-07-27T08:00:38.000Z,2020-07-26
sentinel-s2-l1c,tiles/19/X/DD/2020/7/26/0/productInfo.json,1035,2020-07-27T07:58:24.000Z,2020-07-26
sentinel-s2-l1c,tiles/19/X/DE/2020/7/26/0/productInfo.json,1035,2020-07-27T07:30:10.000Z,2020-07-26
sentinel-s2-l1c,tiles/19/X/DE/2020/7/26/1/productInfo.json,1035,2020-07-27T07:55:37.000Z,2020-07-26
sentinel-s2-l1c,tiles/19/X/DF/2020/7/26/0/productInfo.json,1035,2020-07-27T07:28:07.000Z,2020-07-26
sentinel-s2-l1c,tiles/19/X/DF/2020/7/26/1/productInfo.json,1035,2020-07-27T07:56:14.000Z,2020-07-26
sentinel-s2-l1c,tiles/19/X/DG/2020/7/26/0/productInfo.json,1035,2020-07-27T07:33:04.000Z,2020-07-26
sentinel-s2-l1c,tiles/19/X/DG/2020/7/26/1/productInfo.json,1035,2020-07-27T10:08:56.000Z,2020-07-26
sentinel-s2-l1c,tiles/19/X/DH/2020/7/26/0/productInfo.json,1035,2020-07-27T07:32:38.000Z,2020-07-26
sentinel-s2-l1c,tiles/19/X/DH/2020/7/26/1/productInfo.json,1035,2020-07-27T10:12:56.000Z,2020-07-26
sentinel-s2-l1c,tiles/19/X/DJ/2020/7/26/0/productInfo.json,1035,2020-07-27T07:30:34.000Z,2020-07-26
sentinel-s2-l1c,tiles/19/X/DJ/2020/7/26/1/productInfo.json,1035,2020-07-27T08:29:15.000Z,2020-07-26
sentinel-s2-l1c,tiles/19/X/DJ/2020/7/26/2/productInfo.json,1035,2020-07-27T10:13:15.000Z,2020-07-26
sentinel-s2-l1c,tiles/19/X/DJ/2020/7/26/3/productInfo.json,1035,2020-07-27T11:21:31.000Z,2020-07-26
sentinel-s2-l1c,tiles/19/X/DK/2020/7/26/0/productInfo.json,1035,2020-07-27T08:21:41.000Z,2020-07-26
sentinel-s2-l1c,tiles/19/X/DK/2020/7/26/1/productInfo.json,1035,2020-07-27T10:09:38.000Z,2020-07-26
sentinel-s2-l1c,tiles/19/X/DK/2020/7/26/2/productInfo.json,1035,2020-07-27T11:30:57.000Z,2020-07-26
sentinel-s2-l1c,tiles/19/X/DL/2020/7/26/0/productInfo.json,1035,2020-07-27T08:19:57.000Z,2020-07-26
sentinel-s2-l1c,tiles/19/X/DL/2020/7/26/1/productInfo.json,1035,2020-07-27T10:06:37.000Z,2020-07-26
sentinel-s2-l1c,tiles/19/X/DL/2020/7/26/2/productInfo.json,1035,2020-07-27T11:26:43.000Z,2020-07-26
sentinel-s2-l1c,tiles/19/X/EA/2020/7/26/0/productInfo.json,1035,2020-07-27T06:49:07.000Z,2020-07-26
sentinel-s2-l1c,tiles/19/X/EA/2020/7/26/1/productInfo.json,1035,2020-07-27T07:57:49.000Z,2020-07-26
sentinel-s2-l1c,tiles/19/X/EB/2020/7/26/0/productInfo.json,1035,2020-07-27T06:11:30.000Z,2020-07-26
sentinel-s2-l1c,tiles/19/X/EB/2020/7/26/1/productInfo.json,1035,2020-07-27T07:56:01.000Z,2020-07-26
sentinel-s2-l1c,tiles/19/X/EC/2020/7/26/0/productInfo.json,1035,2020-07-27T07:59:20.000Z,2020-07-26
sentinel-s2-l1c,tiles/19/X/ED/2020/7/26/0/productInfo.json,1035,2020-07-27T07:54:22.000Z,2020-07-26
sentinel-s2-l1c,tiles/19/X/EE/2020/7/26/0/productInfo.json,1035,2020-07-27T07:28:59.000Z,2020-07-26
sentinel-s2-l1c,tiles/19/X/EE/2020/7/26/1/productInfo.json,1035,2020-07-27T08:01:42.000Z,2020-07-26
sentinel-s2-l1c,tiles/19/X/EF/2020/7/26/0/productInfo.json,1035,2020-07-27T07:30:52.000Z,2020-07-26
sentinel-s2-l1c,tiles/19/X/EF/2020/7/26/1/productInfo.json,1035,2020-07-27T07:55:10.000Z,2020-07-26
sentinel-s2-l1c,tiles/19/X/EG/2020/7/26/0/productInfo.json,1035,2020-07-27T07:31:23.000Z,2020-07-26
sentinel-s2-l1c,tiles/19/X/EG/2020/7/26/1/productInfo.json,1035,2020-07-27T07:54:28.000Z,2020-07-26
sentinel-s2-l1c,tiles/19/X/EH/2020/7/26/0/productInfo.json,1035,2020-07-27T07:32:08.000Z,2020-07-26
sentinel-s2-l1c,tiles/19/X/EH/2020/7/26/1/productInfo.json,1035,2020-07-27T07:57:25.000Z,2020-07-26
sentinel-s2-l1c,tiles/19/X/EH/2020/7/26/2/productInfo.json,1035,2020-07-27T10:10:06.000Z,2020-07-26
sentinel-s2-l1c,tiles/19/X/EJ/2020/7/26/0/productInfo.json,1035,2020-07-27T07:28:34.000Z,2020-07-26
sentinel-s2-l1c,tiles/19/X/EJ/2020/7/26/1/productInfo.json,1035,2020-07-27T08:19:31.000Z,2020-07-26
sentinel-s2-l1c,tiles/19/X/EJ/2020/7/26/2/productInfo.json,1035,2020-07-27T10:11:34.000Z,2020-07-26
sentinel-s2-l1c,tiles/19/X/EJ/2020/7/26/3/productInfo.json,1035,2020-07-27T11:21:53.000Z,2020-07-26
sentinel-s2-l1c,tiles/19/X/EK/2020/7/26/0/productInfo.json,1035,2020-07-27T07:30:11.000Z,2020-07-26
sentinel-s2-l1c,tiles/19/X/EK/2020/7/26/1/productInfo.json,1035,2020-07-27T08:30:11.000Z,2020-07-26
sentinel-s2-l1c,tiles/19/X/EK/2020/7/26/2/productInfo.json,1035,2020-07-27T10:07:16.000Z,2020-07-26
sentinel-s2-l1c,tiles/19/X/EK/2020/7/26/3/productInfo.json,1035,2020-07-27T11:26:12.000Z,2020-07-26
sentinel-s2-l1c,tiles/19/X/EL/2020/7/26/0/productInfo.json,1035,2020-07-27T08:25:23.000Z,2020-07-26
sentinel-s2-l1c,tiles/19/X/EL/2020/7/26/1/productInfo.json,1035,2020-07-27T10:07:52.000Z,2020-07-26
sentinel-s2-l1c,tiles/19/X/EL/2020/7/26/2/productInfo.json,1035,2020-07-27T11:31:52.000Z,2020-07-26
sentinel-s2-l1c,tiles/52/N/EF/2020/7/26/0/productInfo.json,1035,2020-07-26T13:16:48.000Z,2020-07-26
sentinel-s2-l1c,tiles/52/N/EG/2020/7/26/0/productInfo.json,1035,2020-07-26T13:17:34.000Z,2020-07-26
sentinel-s2-l1c,tiles/52/N/FF/2020/7/26/0/productInfo.json,1035,2020-07-26T13:12:20.000Z,2020-07-26
sentinel-s2-l1c,tiles/52/N/FG/2020/7/26/0/productInfo.json,1035,2020-07-26T13:17:36.000Z,2020-07-26
sentinel-s2-l1c,tiles/52/N/GF/2020/7/26/0/productInfo.json,1035,2020-07-26T13:16:15.000Z,2020-07-26
sentinel-s2-l1c,tiles/52/N/GG/2020/7/26/0/productInfo.json,1035,2020-07-26T13:18:50.000Z,2020-07-26
sentinel-s2-l1c,tiles/52/N/HF/2020/7/26/0/productInfo.json,1035,2020-07-26T13:19:26.000Z,2020-07-26
sentinel-s2-l1c,tiles/52/N/HG/2020/7/26/0/productInfo.json,1035,2020-07-26T13:13:08.000Z,2020-07-26
sentinel-s2-l1c,tiles/52/R/BR/2020/7/26/0/productInfo.json,1035,2020-07-26T14:54:04.000Z,2020-07-26
sentinel-s2-l1c,tiles/52/R/BS/2020/7/26/0/productInfo.json,1035,2020-07-26T14:54:34.000Z,2020-07-26
sentinel-s2-l1c,tiles/52/R/BT/2020/7/26/0/productInfo.json,1035,2020-07-26T14:55:51.000Z,2020-07-26
sentinel-s2-l1c,tiles/52/R/BU/2020/7/26/0/productInfo.json,1035,2020-07-26T15:18:13.000Z,2020-07-26
sentinel-s2-l1c,tiles/52/R/BV/2020/7/26/0/productInfo.json,1035,2020-07-26T14:53:11.000Z,2020-07-26
sentinel-s2-l1c,tiles/52/R/CU/2020/7/26/0/productInfo.json,1035,2020-07-26T14:54:02.000Z,2020-07-26
sentinel-s2-l1c,tiles/52/R/CV/2020/7/26/0/productInfo.json,1035,2020-07-26T14:48:02.000Z,2020-07-26
